country,category,indicator,response,year,category_id,indicator_id
Algeria,Population and Economy,Life expectancy,77,2024,1,3
Algeria,Population and Economy,Population,46164219,2024,1,1
Algeria,Population and Economy,Total Health Expenditure,5.53,2024,1,2
Algeria,Mortality per 100 000 population,All cause/all ages,655.1,2024,2,4
Algeria,Mortality per 1000 live births,All cause/under 5 years,21.8,2024,3,5
Algeria,Influenza like Illness (ILI) Surveillance,Is laboratory confirmation sought for ILI sentinel surveillance,Yes,2024,4,8
Algeria,Influenza like Illness (ILI) Surveillance,Numbers of ILI sentinel surveillance sites,10,2024,4,9
Algeria,Influenza like Illness (ILI) Surveillance,Surveillance case definition used for ILI case ascertainment.,WHO 2014,2024,4,7
Algeria,Influenza like Illness (ILI) Surveillance,Type of ILI surveillance,Sentinel,2024,4,6
Algeria,Severe acute respiratory infection (SARI) surveillance,Is laboratory confirmation sought for SARI sentinel surveillance,Yes,2024,5,13
Algeria,Severe acute respiratory infection (SARI) surveillance,Is there timely all-cause mortality data available in the country?,Yes,2024,5,15
Algeria,Severe acute respiratory infection (SARI) surveillance,Number of SARI sentinel surveillance sites,4,2024,5,14
Algeria,Severe acute respiratory infection (SARI) surveillance,Sentinel sites involved in SARI surveillance.,Hospital,2024,5,11
Algeria,Severe acute respiratory infection (SARI) surveillance,Surveillance case definition used for SARI case ascertainment.,WHO 2014,2024,5,12
Algeria,Severe acute respiratory infection (SARI) surveillance,Type of SARI surveillance,Sentinel,2024,5,10
Algeria,Virological surveillance,Antiviral susceptibility testing capability,Yes,2024,6,65
Algeria,Virological surveillance,Average number of virological samples processed per week (2024),48,2024,6,32
Algeria,Virological surveillance,Does the country forward samples to a WHO CC?,Yes,2024,6,28
Algeria,Virological surveillance,Does the country have a designated National Influenza reference laboratory?,Yes,2024,6,22
Algeria,Virological surveillance,Does the country have a WHO recognized National Influenza Centre (NIC)?,Yes,2024,6,21
Algeria,Virological surveillance,Does the country have genomic sequencing capacity?,Yes,2024,6,19
Algeria,Virological surveillance,Does the country have RT-PCR capacity?,Yes,2024,6,18
Algeria,Virological surveillance,Does the country test for other respiratory viruses?,Yes,2024,6,20
Algeria,Virological surveillance,Does the laboratory participate in the External Quality Assurance Panel (EQAP)?,Yes,2024,6,23
Algeria,Virological surveillance,RT-PCR,Yes,2024,6,24
Algeria,Virological surveillance,Sequencing capacity,Yes,2024,6,66
Algeria,Virological surveillance,Type of virological surveillance,Sentinel,2024,6,16
Algeria,Virological surveillance,Virus Isolation capacity,Yes,2024,6,25
Algeria,Data reporting & use,Are epidemiological and virological sentinel surveillance datasets integrated?,Yes,2024,8,34
Algeria,Data reporting & use,Does the country report to the FluID?,Yes,2024,8,31
Algeria,Data reporting & use,Does the country report to the FluNet?,Yes,2024,8,33
Algeria,Data reporting & use,Does the country share virus isolate and clinical specimens with WHO CC,Yes,2024,8,30
Algeria,Data reporting & use,Does the country use the PISA tool to assess the severity of seasonal influenza?,No,2024,8,35
Algeria,Data reporting & use,FluNet Reporting Consistency (2023-2024),100,2024,8,2659
Algeria,Data reporting & use,Has the country performed a burden of disease analysis?,Yes,2024,8,36
Algeria,Data reporting & use,Reporting consistency (2023-2024),1,2024,8,61
Algeria,Data reporting & use,Was it published? If yes provide link,No,2024,8,39
Algeria,Data reporting & use,What was the estimated burden?,No,2024,8,38
Algeria,Data reporting & use,What year was it performed?,No,2024,8,37
Algeria,Vaccination,Does the country have a formal seasonal influenza vaccination policy?,Yes,2024,9,40
Algeria,Vaccination,Has seasonal influenza vaccine been introduced in the private sector?,Yes,2024,9,42
Algeria,Vaccination,Has seasonal influenza vaccine been introduced in the public sector? Year introduced;,Yes,2024,9,41
Algeria,Vaccination,What are the recommended risk groups for influenza vaccine?,"Chronic conditions, Older adults, Pregnant women, Children under 5",2024,9,43
Algeria,Vaccination,Which vaccine formulation is used in the country: Northern/Southern hemisphere vaccine?,Northen Hemisphere,2024,9,44
Algeria,Pandemic preparedness and response,All Hazards,No,2024,10,50
Algeria,Pandemic preparedness and response,COVID-19 specific,Yes 2022,2024,10,49
Algeria,Pandemic preparedness and response,Does the country have another pandemic preparedness plan available?,Yes,2024,10,47
Algeria,Pandemic preparedness and response,Does the country have an updated national pandemic vaccine deployment plan for Influenza pandemic vaccine,In progress,2024,10,53
Algeria,Pandemic preparedness and response,Does the country have a respiratory pathogen pandemic preparedness plan (PRET)?,No,2024,10,45
Algeria,Pandemic preparedness and response,Has the country perfomed a influenza simulation exercise(s) for their pandemic preparedness plan?,No,2024,10,51
Algeria,Pandemic preparedness and response,Influenza specific,Yes 2017,2024,10,48
Algeria,Pandemic preparedness and response,Year plan Last updated,N/A,2024,10,46
Algeria,Pandemic preparedness and response,Year simulation conducted,No,2024,10,52
Algeria,Integration of Influenza surveillance and SARS-CoV-2,Does the country report SARS-CoV-2 results to the Flu Net?,Yes,2024,11,26
Algeria,Integration of Influenza surveillance and SARS-CoV-2,Has the country integrated influenza and SARS-CoV-2 sentinel surveillance?,Yes,2024,11,54
Algeria,Zoonotic Influenza surveillance,Does the country perform surveillance activities at the human-animal interface?,Yes,2024,12,56
Algeria,Zoonotic Influenza surveillance,"Has the country held an IHR (International Health
Regulations) / PVS (Performance of Veterinary Services) national bridging workshop for influenza?",No,2024,12,17
Algeria,Zoonotic Influenza surveillance,Has the country performed joint risk assessment?,No,2024,12,57
Algeria,Zoonotic Influenza surveillance,"If yes, when",No,2024,12,58
Angola,Population and Economy,Life expectancy,62,2024,1,3
Angola,Population and Economy,Population,36749906,2024,1,1
Angola,Population and Economy,Total Health Expenditure,2.96,2024,1,2
Angola,Mortality per 100 000 population,All cause/all ages,1272.2,2024,2,4
Angola,Mortality per 1000 live births,All cause/under 5 years,66.9,2024,3,5
Angola,Influenza like Illness (ILI) Surveillance,Is laboratory confirmation sought for ILI sentinel surveillance,Yes,2024,4,8
Angola,Influenza like Illness (ILI) Surveillance,Numbers of ILI sentinel surveillance sites,3,2024,4,9
Angola,Influenza like Illness (ILI) Surveillance,Surveillance case definition used for ILI case ascertainment.,WHO 2014,2024,4,7
Angola,Influenza like Illness (ILI) Surveillance,Type of ILI surveillance,Sentinel,2024,4,6
Angola,Severe acute respiratory infection (SARI) surveillance,Is laboratory confirmation sought for SARI sentinel surveillance,Yes,2024,5,13
Angola,Severe acute respiratory infection (SARI) surveillance,Is there timely all-cause mortality data available in the country?,Yes,2024,5,15
Angola,Severe acute respiratory infection (SARI) surveillance,Number of SARI sentinel surveillance sites,3,2024,5,14
Angola,Severe acute respiratory infection (SARI) surveillance,Sentinel sites involved in SARI surveillance.,Hospital,2024,5,11
Angola,Severe acute respiratory infection (SARI) surveillance,Surveillance case definition used for SARI case ascertainment.,WHO 2014,2024,5,12
Angola,Severe acute respiratory infection (SARI) surveillance,Type of SARI surveillance,Sentinel,2024,5,10
Angola,Virological surveillance,Antiviral susceptibility testing capability,No,2024,6,65
Angola,Virological surveillance,Average number of virological samples processed per week (2024),8,2024,6,32
Angola,Virological surveillance,Does the country forward samples to a WHO CC?,No,2024,6,28
Angola,Virological surveillance,Does the country have a designated National Influenza reference laboratory?,Yes,2024,6,22
Angola,Virological surveillance,Does the country have a WHO recognized National Influenza Centre (NIC)?,No,2024,6,21
Angola,Virological surveillance,Does the country have genomic sequencing capacity?,Yes,2024,6,19
Angola,Virological surveillance,Does the country have RT-PCR capacity?,Yes,2024,6,18
Angola,Virological surveillance,Does the country test for other respiratory viruses?,Yes,2024,6,20
Angola,Virological surveillance,Does the laboratory participate in the External Quality Assurance Panel (EQAP)?,Yes,2024,6,23
Angola,Virological surveillance,RT-PCR,No,2024,6,24
Angola,Virological surveillance,Sequencing capacity,Yes,2024,6,66
Angola,Virological surveillance,Type of virological surveillance,Sentinel,2024,6,16
Angola,Virological surveillance,Virus Isolation capacity,No,2024,6,25
Angola,Data reporting & use,Are epidemiological and virological sentinel surveillance datasets integrated?,No,2024,8,34
Angola,Data reporting & use,Does the country report to the FluID?,No,2024,8,31
Angola,Data reporting & use,Does the country report to the FluNet?,Yes,2024,8,33
Angola,Data reporting & use,Does the country share virus isolate and clinical specimens with WHO CC,No,2024,8,30
Angola,Data reporting & use,Does the country use the PISA tool to assess the severity of seasonal influenza?,No,2024,8,35
Angola,Data reporting & use,FluNet Reporting Consistency (2023-2024),28,2024,8,2659
Angola,Data reporting & use,Has the country performed a burden of disease analysis?,No,2024,8,36
Angola,Data reporting & use,Reporting consistency (2023-2024),0.28,2024,8,61
Angola,Data reporting & use,Was it published? If yes provide link,No,2024,8,39
Angola,Data reporting & use,What was the estimated burden?,No,2024,8,38
Angola,Data reporting & use,What year was it performed?,No,2024,8,37
Angola,Vaccination,Does the country have a formal seasonal influenza vaccination policy?,No,2024,9,40
Angola,Vaccination,Has seasonal influenza vaccine been introduced in the private sector?,No response,2024,9,42
Angola,Vaccination,Has seasonal influenza vaccine been introduced in the public sector? Year introduced;,No response,2024,9,41
Angola,Vaccination,What are the recommended risk groups for influenza vaccine?,No response,2024,9,43
Angola,Vaccination,Which vaccine formulation is used in the country: Northern/Southern hemisphere vaccine?,No response,2024,9,44
Angola,Pandemic preparedness and response,All Hazards,No,2024,10,50
Angola,Pandemic preparedness and response,COVID-19 specific,No,2024,10,49
Angola,Pandemic preparedness and response,Does the country have another pandemic preparedness plan available?,No,2024,10,47
Angola,Pandemic preparedness and response,Does the country have an updated national pandemic vaccine deployment plan for Influenza pandemic vaccine,No,2024,10,53
Angola,Pandemic preparedness and response,Does the country have a respiratory pathogen pandemic preparedness plan (PRET)?,Yes,2024,10,45
Angola,Pandemic preparedness and response,Has the country perfomed a influenza simulation exercise(s) for their pandemic preparedness plan?,No,2024,10,51
Angola,Pandemic preparedness and response,Influenza specific,No,2024,10,48
Angola,Pandemic preparedness and response,Year plan Last updated,2023,2024,10,46
Angola,Pandemic preparedness and response,Year simulation conducted,No,2024,10,52
Angola,Integration of Influenza surveillance and SARS-CoV-2,Does the country report SARS-CoV-2 results to the Flu Net?,Yes,2024,11,26
Angola,Integration of Influenza surveillance and SARS-CoV-2,Has the country integrated influenza and SARS-CoV-2 sentinel surveillance?,Yes,2024,11,54
Angola,Zoonotic Influenza surveillance,Does the country perform surveillance activities at the human-animal interface?,Yes,2024,12,56
Angola,Zoonotic Influenza surveillance,"Has the country held an IHR (International Health
Regulations) / PVS (Performance of Veterinary Services) national bridging workshop for influenza?",No,2024,12,17
Angola,Zoonotic Influenza surveillance,Has the country performed joint risk assessment?,No,2024,12,57
Angola,Zoonotic Influenza surveillance,"If yes, when",No,2024,12,58
Benin,Population and Economy,Life expectancy,60,2024,1,3
Benin,Population and Economy,Population,14111034,2024,1,1
Benin,Population and Economy,Total Health Expenditure,2.58,2024,1,2
Benin,Mortality per 100 000 population,All cause/all ages,1078,2024,2,4
Benin,Mortality per 1000 live births,All cause/under 5 years,80.8,2024,3,5
Benin,Influenza like Illness (ILI) Surveillance,Is laboratory confirmation sought for ILI sentinel surveillance,No response,2024,4,8
Benin,Influenza like Illness (ILI) Surveillance,Numbers of ILI sentinel surveillance sites,No response,2024,4,9
Benin,Influenza like Illness (ILI) Surveillance,Surveillance case definition used for ILI case ascertainment.,No response,2024,4,7
Benin,Influenza like Illness (ILI) Surveillance,Type of ILI surveillance,No,2024,4,6
Benin,Severe acute respiratory infection (SARI) surveillance,Is laboratory confirmation sought for SARI sentinel surveillance,No response,2024,5,13
Benin,Severe acute respiratory infection (SARI) surveillance,Is there timely all-cause mortality data available in the country?,No response,2024,5,15
Benin,Severe acute respiratory infection (SARI) surveillance,Number of SARI sentinel surveillance sites,No response,2024,5,14
Benin,Severe acute respiratory infection (SARI) surveillance,Sentinel sites involved in SARI surveillance.,No response,2024,5,11
Benin,Severe acute respiratory infection (SARI) surveillance,Surveillance case definition used for SARI case ascertainment.,No response,2024,5,12
Benin,Severe acute respiratory infection (SARI) surveillance,Type of SARI surveillance,No,2024,5,10
Benin,Virological surveillance,Antiviral susceptibility testing capability,N/A,2024,6,65
Benin,Virological surveillance,Average number of virological samples processed per week (2024),No response,2024,6,32
Benin,Virological surveillance,Does the country forward samples to a WHO CC?,N/A,2024,6,28
Benin,Virological surveillance,Does the country have a designated National Influenza reference laboratory?,No,2024,6,22
Benin,Virological surveillance,Does the country have a WHO recognized National Influenza Centre (NIC)?,No,2024,6,21
Benin,Virological surveillance,Does the country have genomic sequencing capacity?,Yes,2024,6,19
Benin,Virological surveillance,Does the country have RT-PCR capacity?,Yes,2024,6,18
Benin,Virological surveillance,Does the country test for other respiratory viruses?,Yes,2024,6,20
Benin,Virological surveillance,Does the laboratory participate in the External Quality Assurance Panel (EQAP)?,No,2024,6,23
Benin,Virological surveillance,RT-PCR,No,2024,6,24
Benin,Virological surveillance,Sequencing capacity,N/A,2024,6,66
Benin,Virological surveillance,Type of virological surveillance,No response,2024,6,16
Benin,Virological surveillance,Virus Isolation capacity,N/A,2024,6,25
Benin,Data reporting & use,Are epidemiological and virological sentinel surveillance datasets integrated?,No,2024,8,34
Benin,Data reporting & use,Does the country report to the FluID?,No,2024,8,31
Benin,Data reporting & use,Does the country report to the FluNet?,No,2024,8,33
Benin,Data reporting & use,Does the country share virus isolate and clinical specimens with WHO CC,N/A,2024,8,30
Benin,Data reporting & use,Does the country use the PISA tool to assess the severity of seasonal influenza?,No,2024,8,35
Benin,Data reporting & use,FluNet Reporting Consistency (2023-2024),N/A,2024,8,2659
Benin,Data reporting & use,Has the country performed a burden of disease analysis?,No,2024,8,36
Benin,Data reporting & use,Reporting consistency (2023-2024),N/A,2024,8,61
Benin,Data reporting & use,Was it published? If yes provide link,No,2024,8,39
Benin,Data reporting & use,What was the estimated burden?,No,2024,8,38
Benin,Data reporting & use,What year was it performed?,No,2024,8,37
Benin,Vaccination,Does the country have a formal seasonal influenza vaccination policy?,No,2024,9,40
Benin,Vaccination,Has seasonal influenza vaccine been introduced in the private sector?,No response,2024,9,42
Benin,Vaccination,Has seasonal influenza vaccine been introduced in the public sector? Year introduced;,No response,2024,9,41
Benin,Vaccination,What are the recommended risk groups for influenza vaccine?,No response,2024,9,43
Benin,Vaccination,Which vaccine formulation is used in the country: Northern/Southern hemisphere vaccine?,No response,2024,9,44
Benin,Pandemic preparedness and response,All Hazards,No response,2024,10,50
Benin,Pandemic preparedness and response,COVID-19 specific,No response,2024,10,49
Benin,Pandemic preparedness and response,Does the country have another pandemic preparedness plan available?,No,2024,10,47
Benin,Pandemic preparedness and response,Does the country have an updated national pandemic vaccine deployment plan for Influenza pandemic vaccine,No,2024,10,53
Benin,Pandemic preparedness and response,Does the country have a respiratory pathogen pandemic preparedness plan (PRET)?,No,2024,10,45
Benin,Pandemic preparedness and response,Has the country perfomed a influenza simulation exercise(s) for their pandemic preparedness plan?,No response,2024,10,51
Benin,Pandemic preparedness and response,Influenza specific,No response,2024,10,48
Benin,Pandemic preparedness and response,Year plan Last updated,No,2024,10,46
Benin,Pandemic preparedness and response,Year simulation conducted,N/A,2024,10,52
Benin,Integration of Influenza surveillance and SARS-CoV-2,Does the country report SARS-CoV-2 results to the Flu Net?,No,2024,11,26
Benin,Integration of Influenza surveillance and SARS-CoV-2,Has the country integrated influenza and SARS-CoV-2 sentinel surveillance?,No,2024,11,54
Benin,Zoonotic Influenza surveillance,Does the country perform surveillance activities at the human-animal interface?,Yes,2024,12,56
Benin,Zoonotic Influenza surveillance,Has the country held an IHR (International Health Regulations) Review?,Yes,2024,12,17
Benin,Zoonotic Influenza surveillance,Has the country performed joint risk assessment?,No,2024,12,57
Benin,Zoonotic Influenza surveillance,"If yes, when",No,2024,12,58
Botswana,Population and Economy,Life expectancy,66,2024,1,3
Botswana,Population and Economy,Population,2480244,2024,1,1
Botswana,Population and Economy,Total Health Expenditure,6.31,2024,1,2
Botswana,Mortality per 100 000 population,All cause/all ages,1499.1,2024,2,4
Botswana,Mortality per 1000 live births,All cause/under 5 years,38.7,2024,3,5
Botswana,Influenza like Illness (ILI) Surveillance,Is laboratory confirmation sought for ILI sentinel surveillance,No response,2024,4,8
Botswana,Influenza like Illness (ILI) Surveillance,Numbers of ILI sentinel surveillance sites,No response,2024,4,9
Botswana,Influenza like Illness (ILI) Surveillance,Surveillance case definition used for ILI case ascertainment.,No response,2024,4,7
Botswana,Influenza like Illness (ILI) Surveillance,Type of ILI surveillance,No,2024,4,6
Botswana,Severe acute respiratory infection (SARI) surveillance,Is laboratory confirmation sought for SARI sentinel surveillance,No response,2024,5,13
Botswana,Severe acute respiratory infection (SARI) surveillance,Is there timely all-cause mortality data available in the country?,Yes,2024,5,15
Botswana,Severe acute respiratory infection (SARI) surveillance,Number of SARI sentinel surveillance sites,No response,2024,5,14
Botswana,Severe acute respiratory infection (SARI) surveillance,Sentinel sites involved in SARI surveillance.,No response,2024,5,11
Botswana,Severe acute respiratory infection (SARI) surveillance,Surveillance case definition used for SARI case ascertainment.,No response,2024,5,12
Botswana,Severe acute respiratory infection (SARI) surveillance,Type of SARI surveillance,No,2024,5,10
Botswana,Virological surveillance,Antiviral susceptibility testing capability,No response,2024,6,65
Botswana,Virological surveillance,Average number of virological samples processed per week (2024),0,2024,6,32
Botswana,Virological surveillance,Does the country forward samples to a WHO CC?,No response,2024,6,28
Botswana,Virological surveillance,Does the country have a designated National Influenza reference laboratory?,No,2024,6,22
Botswana,Virological surveillance,Does the country have a WHO recognized National Influenza Centre (NIC)?,No,2024,6,21
Botswana,Virological surveillance,Does the country have genomic sequencing capacity?,Yes,2024,6,19
Botswana,Virological surveillance,Does the country have RT-PCR capacity?,Yes,2024,6,18
Botswana,Virological surveillance,Does the country test for other respiratory viruses?,No response,2024,6,20
Botswana,Virological surveillance,Does the laboratory participate in the External Quality Assurance Panel (EQAP)?,No response,2024,6,23
Botswana,Virological surveillance,RT-PCR,No response,2024,6,24
Botswana,Virological surveillance,Sequencing capacity,0,2024,6,66
Botswana,Virological surveillance,Type of virological surveillance,None,2024,6,16
Botswana,Virological surveillance,Virus Isolation capacity,No response,2024,6,25
Botswana,Data reporting & use,Are epidemiological and virological sentinel surveillance datasets integrated?,No,2024,8,34
Botswana,Data reporting & use,Does the country report to the FluID?,No,2024,8,31
Botswana,Data reporting & use,Does the country report to the FluNet?,No,2024,8,33
Botswana,Data reporting & use,Does the country share virus isolate and clinical specimens with WHO CC,N/A,2024,8,30
Botswana,Data reporting & use,Does the country use the PISA tool to assess the severity of seasonal influenza?,No,2024,8,35
Botswana,Data reporting & use,FluID Reporting consistency (2023-2024),0,2024,8,61
Botswana,Data reporting & use,FluNet Reporting Consistency (2023-2024),0,2024,8,2659
Botswana,Data reporting & use,Has the country performed a burden of disease analysis?,No,2024,8,36
Botswana,Data reporting & use,Was it published? If yes provide link,No,2024,8,39
Botswana,Data reporting & use,What was the estimated burden?,No,2024,8,38
Botswana,Data reporting & use,What year was it performed?,No,2024,8,37
Botswana,Vaccination,Does the country have a formal seasonal influenza vaccination policy?,No,2024,9,40
Botswana,Vaccination,Has seasonal influenza vaccine been introduced in the private sector?,No response,2024,9,42
Botswana,Vaccination,Has seasonal influenza vaccine been introduced in the public sector? Year introduced;,No response,2024,9,41
Botswana,Vaccination,What are the recommended risk groups for influenza vaccine?,No,2024,9,43
Botswana,Vaccination,Which vaccine formulation is used in the country: Northern/Southern hemisphere vaccine?,No,2024,9,44
Botswana,Pandemic preparedness and response,All Hazards,No response,2024,10,50
Botswana,Pandemic preparedness and response,COVID-19 specific,No response,2024,10,49
Botswana,Pandemic preparedness and response,Does the country have another pandemic preparedness plan available?,No response,2024,10,47
Botswana,Pandemic preparedness and response,Does the country have an updated national pandemic vaccine deployment plan for Influenza pandemic vaccine,None,2024,10,53
Botswana,Pandemic preparedness and response,Does the country have a respiratory pathogen pandemic preparedness plan (PRET)?,Yes,2024,10,45
Botswana,Pandemic preparedness and response,Has the country perfomed a influenza simulation exercise(s) for their pandemic preparedness plan?,None,2024,10,51
Botswana,Pandemic preparedness and response,Influenza specific,No response,2024,10,48
Botswana,Pandemic preparedness and response,Year plan Last updated,Draft (2024),2024,10,46
Botswana,Pandemic preparedness and response,Year simulation conducted,None,2024,10,52
Botswana,Integration of Influenza surveillance and SARS-CoV-2,Does the country report SARS-CoV-2 results to the Flu Net?,No response,2024,11,26
Botswana,Integration of Influenza surveillance and SARS-CoV-2,Has the country integrated influenza and SARS-CoV-2 sentinel surveillance?,No response,2024,11,54
Botswana,Zoonotic Influenza surveillance,Does the country perform surveillance activities at the human-animal interface?,In progress,2024,12,56
Botswana,Zoonotic Influenza surveillance,Has the country held an IHR (International Health Regulations) Review?,No,2024,12,17
Botswana,Zoonotic Influenza surveillance,Has the country performed joint risk assessment?,No,2024,12,57
Botswana,Zoonotic Influenza surveillance,"If yes, when",N/A,2024,12,58
Burkina Faso,Population and Economy,Life expectancy,60,2024,1,3
Burkina Faso,Population and Economy,Population,23025776,2024,1,1
Burkina Faso,Population and Economy,Total Health Expenditure,6.38,2024,1,2
Burkina Faso,Mortality per 100 000 population,All cause/all ages,1219.4,2024,2,4
Burkina Faso,Mortality per 1000 live births,All cause/under 5 years,78.8,2024,3,5
Burkina Faso,Influenza like Illness (ILI) Surveillance,Is laboratory confirmation sought for ILI sentinel surveillance,Yes,2024,4,8
Burkina Faso,Influenza like Illness (ILI) Surveillance,Numbers of ILI sentinel surveillance sites,3,2024,4,9
Burkina Faso,Influenza like Illness (ILI) Surveillance,Surveillance case definition used for ILI case ascertainment.,WHO 2014,2024,4,7
Burkina Faso,Influenza like Illness (ILI) Surveillance,Type of ILI surveillance,Sentinel,2024,4,6
Burkina Faso,Severe acute respiratory infection (SARI) surveillance,Is laboratory confirmation sought for SARI sentinel surveillance,Yes,2024,5,13
Burkina Faso,Severe acute respiratory infection (SARI) surveillance,Is there timely all-cause mortality data available in the country?,Yes,2024,5,15
Burkina Faso,Severe acute respiratory infection (SARI) surveillance,Number of SARI sentinel surveillance sites,5,2024,5,14
Burkina Faso,Severe acute respiratory infection (SARI) surveillance,Sentinel sites involved in SARI surveillance.,Hospital,2024,5,11
Burkina Faso,Severe acute respiratory infection (SARI) surveillance,Surveillance case definition used for SARI case ascertainment.,WHO 2014,2024,5,12
Burkina Faso,Severe acute respiratory infection (SARI) surveillance,Type of SARI surveillance,Sentinel,2024,5,10
Burkina Faso,Virological surveillance,Antiviral susceptibility testing capability,No,2024,6,65
Burkina Faso,Virological surveillance,Average number of virological samples processed per week (2024),52,2024,6,32
Burkina Faso,Virological surveillance,Does the country forward samples to a WHO CC?,Yes,2024,6,28
Burkina Faso,Virological surveillance,Does the country have a designated National Influenza reference laboratory?,No,2024,6,22
Burkina Faso,Virological surveillance,Does the country have a WHO recognized National Influenza Centre (NIC)?,No,2024,6,21
Burkina Faso,Virological surveillance,Does the country have genomic sequencing capacity?,Yes,2024,6,19
Burkina Faso,Virological surveillance,Does the country have RT-PCR capacity?,Yes,2024,6,18
Burkina Faso,Virological surveillance,Does the country test for other respiratory viruses?,Yes,2024,6,20
Burkina Faso,Virological surveillance,Does the laboratory participate in the External Quality Assurance Panel (EQAP)?,Yes,2024,6,23
Burkina Faso,Virological surveillance,RT-PCR,Yes,2024,6,24
Burkina Faso,Virological surveillance,Sequencing capacity,Yes,2024,6,66
Burkina Faso,Virological surveillance,Type of virological surveillance,Sentinel,2024,6,16
Burkina Faso,Virological surveillance,Virus Isolation capacity,No,2024,6,25
Burkina Faso,Data reporting & use,Are epidemiological and virological sentinel surveillance datasets integrated?,Yes,2024,8,34
Burkina Faso,Data reporting & use,Does the country report to the FluID?,Yes,2024,8,31
Burkina Faso,Data reporting & use,Does the country report to the FluNet?,Yes,2024,8,33
Burkina Faso,Data reporting & use,Does the country share virus isolate and clinical specimens with WHO CC,Yes,2024,8,30
Burkina Faso,Data reporting & use,Does the country use the PISA tool to assess the severity of seasonal influenza?,No,2024,8,35
Burkina Faso,Data reporting & use,FluNet Reporting Consistency (2023-2024),100,2024,8,2659
Burkina Faso,Data reporting & use,Has the country performed a burden of disease analysis?,In progress,2024,8,36
Burkina Faso,Data reporting & use,Reporting consistency (2023-2024),1,2024,8,61
Burkina Faso,Data reporting & use,Was it published? If yes provide link,In progress,2024,8,39
Burkina Faso,Data reporting & use,What was the estimated burden?,In progress,2024,8,38
Burkina Faso,Data reporting & use,What year was it performed?,N/A,2024,8,37
Burkina Faso,Vaccination,Does the country have a formal seasonal influenza vaccination policy?,No,2024,9,40
Burkina Faso,Vaccination,Has seasonal influenza vaccine been introduced in the private sector?,No response,2024,9,42
Burkina Faso,Vaccination,Has seasonal influenza vaccine been introduced in the public sector? Year introduced;,No response,2024,9,41
Burkina Faso,Vaccination,What are the recommended risk groups for influenza vaccine?,No response,2024,9,43
Burkina Faso,Vaccination,Which vaccine formulation is used in the country: Northern/Southern hemisphere vaccine?,No response,2024,9,44
Burkina Faso,Pandemic preparedness and response,All Hazards,No response,2024,10,50
Burkina Faso,Pandemic preparedness and response,COVID-19 specific,No response,2024,10,49
Burkina Faso,Pandemic preparedness and response,Does the country have another pandemic preparedness plan available?,No,2024,10,47
Burkina Faso,Pandemic preparedness and response,Does the country have an updated national pandemic vaccine deployment plan for Influenza pandemic vaccine,No,2024,10,53
Burkina Faso,Pandemic preparedness and response,Does the country have a respiratory pathogen pandemic preparedness plan (PRET)?,Yes,2024,10,45
Burkina Faso,Pandemic preparedness and response,Has the country perfomed a influenza simulation exercise(s) for their pandemic preparedness plan?,No,2024,10,51
Burkina Faso,Pandemic preparedness and response,Influenza specific,No response,2024,10,48
Burkina Faso,Pandemic preparedness and response,Year plan Last updated,2023,2024,10,46
Burkina Faso,Pandemic preparedness and response,Year simulation conducted,N/A,2024,10,52
Burkina Faso,Integration of Influenza surveillance and SARS-CoV-2,Does the country report SARS-CoV-2 results to the Flu Net?,Yes,2024,11,26
Burkina Faso,Integration of Influenza surveillance and SARS-CoV-2,Has the country integrated influenza and SARS-CoV-2 sentinel surveillance?,Yes,2024,11,54
Burkina Faso,Zoonotic Influenza surveillance,Does the country perform surveillance activities at the human-animal interface?,Yes,2024,12,56
Burkina Faso,Zoonotic Influenza surveillance,Has the country held an IHR (International Health Regulations) Review?,In progress,2024,12,17
Burkina Faso,Zoonotic Influenza surveillance,Has the country performed joint risk assessment?,Yes,2024,12,57
Burkina Faso,Zoonotic Influenza surveillance,"If yes, when",2022,2024,12,58
Burundi,Population and Economy,Life expectancy,62,2024,1,3
Burundi,Population and Economy,Population,13689450,2024,1,1
Burundi,Population and Economy,Total Health Expenditure,9.1,2024,1,2
Burundi,Mortality per 100 000 population,All cause/all ages,1183.7,2024,2,4
Burundi,Mortality per 1000 live births,All cause/under 5 years,50.5,2024,3,5
Burundi,Influenza like Illness (ILI) Surveillance,Is laboratory confirmation sought for ILI sentinel surveillance,No response,2024,4,8
Burundi,Influenza like Illness (ILI) Surveillance,Numbers of ILI sentinel surveillance sites,No response,2024,4,9
Burundi,Influenza like Illness (ILI) Surveillance,Surveillance case definition used for ILI case ascertainment.,No response,2024,4,7
Burundi,Influenza like Illness (ILI) Surveillance,Type of ILI surveillance,No,2024,4,6
Burundi,Severe acute respiratory infection (SARI) surveillance,Is laboratory confirmation sought for SARI sentinel surveillance,No response,2024,5,13
Burundi,Severe acute respiratory infection (SARI) surveillance,Is there timely all-cause mortality data available in the country?,Yes,2024,5,15
Burundi,Severe acute respiratory infection (SARI) surveillance,Number of SARI sentinel surveillance sites,No response,2024,5,14
Burundi,Severe acute respiratory infection (SARI) surveillance,Sentinel sites involved in SARI surveillance.,No response,2024,5,11
Burundi,Severe acute respiratory infection (SARI) surveillance,Surveillance case definition used for SARI case ascertainment.,No response,2024,5,12
Burundi,Severe acute respiratory infection (SARI) surveillance,Type of SARI surveillance,No,2024,5,10
Burundi,Virological surveillance,Antiviral susceptibility testing capability,No,2024,6,65
Burundi,Virological surveillance,Average number of virological samples processed per week (2024),0,2024,6,32
Burundi,Virological surveillance,Does the country forward samples to a WHO CC?,No,2024,6,28
Burundi,Virological surveillance,Does the country have a designated National Influenza reference laboratory?,No,2024,6,22
Burundi,Virological surveillance,Does the country have a WHO recognized National Influenza Centre (NIC)?,No,2024,6,21
Burundi,Virological surveillance,Does the country have genomic sequencing capacity?,Yes,2024,6,19
Burundi,Virological surveillance,Does the country have RT-PCR capacity?,Yes,2024,6,18
Burundi,Virological surveillance,Does the country test for other respiratory viruses?,No response,2024,6,20
Burundi,Virological surveillance,Does the laboratory participate in the External Quality Assurance Panel (EQAP)?,Yes,2024,6,23
Burundi,Virological surveillance,RT-PCR,Yes,2024,6,24
Burundi,Virological surveillance,Sequencing capacity,Yes,2024,6,66
Burundi,Virological surveillance,Type of virological surveillance,N/A,2024,6,16
Burundi,Virological surveillance,Virus Isolation capacity,No,2024,6,25
Burundi,Data reporting & use,Are epidemiological and virological sentinel surveillance datasets integrated?,No,2024,8,34
Burundi,Data reporting & use,Does the country report to the FluID?,No,2024,8,31
Burundi,Data reporting & use,Does the country report to the FluNet?,No,2024,8,33
Burundi,Data reporting & use,Does the country share virus isolate and clinical specimens with WHO CC,N/A,2024,8,30
Burundi,Data reporting & use,FluNet Reporting Consistency (2023-2024),0,2024,8,2659
Burundi,Data reporting & use,Has the country performed a burden of disease analysis?,No,2024,8,36
Burundi,Data reporting & use,Reporting consistency (2023-2024),No,2024,8,61
Burundi,Data reporting & use,Use of PISA tool to assess the severity of seasonal influenza?,No,2024,8,35
Burundi,Data reporting & use,Was it published? If yes provide link,No,2024,8,39
Burundi,Data reporting & use,What was the estimated burden?,No,2024,8,38
Burundi,Data reporting & use,What year was it performed?,No,2024,8,37
Burundi,Vaccination,Does the country have a formal seasonal influenza vaccination policy?,Yes,2024,9,40
Burundi,Vaccination,Has seasonal influenza vaccine been introduced in the private sector?,Yes,2024,9,42
Burundi,Vaccination,Has seasonal influenza vaccine been introduced in the public sector? Year introduced;,Yes,2024,9,41
Burundi,Vaccination,What are the recommended risk groups for influenza vaccine?,Children under 5 years,2024,9,43
Burundi,Vaccination,Which vaccine formulation is used in the country: Northern/Southern hemisphere vaccine?,Southern Hemisphere,2024,9,44
Burundi,Pandemic preparedness and response,All Hazards,No response,2024,10,50
Burundi,Pandemic preparedness and response,COVID-19 specific,No response,2024,10,49
Burundi,Pandemic preparedness and response,Does the country have another pandemic preparedness plan available?,No response,2024,10,47
Burundi,Pandemic preparedness and response,Does the country have an updated national pandemic vaccine deployment plan for Influenza pandemic vaccine,No,2024,10,53
Burundi,Pandemic preparedness and response,Does the country have a respiratory pathogen pandemic preparedness plan (PRET)?,No,2024,10,45
Burundi,Pandemic preparedness and response,Has the country perfomed a influenza simulation exercise(s) for their pandemic preparedness plan?,No,2024,10,51
Burundi,Pandemic preparedness and response,Influenza specific,No response,2024,10,48
Burundi,Pandemic preparedness and response,Year plan Last updated,No response,2024,10,46
Burundi,Pandemic preparedness and response,Year simulation conducted,No,2024,10,52
Burundi,Integration of Influenza surveillance and SARS-CoV-2,Does the country report SARS-CoV-2 results to the Flu Net?,No,2024,11,26
Burundi,Integration of Influenza surveillance and SARS-CoV-2,Has the country integrated influenza and SARS-CoV-2 sentinel surveillance?,No,2024,11,54
Burundi,Zoonotic Influenza surveillance,Does the country perform surveillance activities at the human-animal interface?,No,2024,12,56
Burundi,Zoonotic Influenza surveillance,Has the country held an IHR (International Health Regulations) Review?,No,2024,12,17
Burundi,Zoonotic Influenza surveillance,Has the country performed joint risk assessment?,No,2024,12,57
Burundi,Zoonotic Influenza surveillance,"If yes, when",No,2024,12,58
Cabo Verde,Population and Economy,Life expectancy,75,2024,1,3
Cabo Verde,Population and Economy,Population,522331,2024,1,1
Cabo Verde,Population and Economy,Total Health Expenditure,6.9,2024,1,2
Cabo Verde,Mortality per 100 000 population,All cause/all ages,772.2,2024,2,4
Cabo Verde,Mortality per 1000 live births,All cause/under 5 years,12.3,2024,3,5
Cabo Verde,Influenza like Illness (ILI) Surveillance,Is laboratory confirmation sought for ILI sentinel surveillance,Yes,2024,4,8
Cabo Verde,Influenza like Illness (ILI) Surveillance,Numbers of ILI sentinel surveillance sites,2,2024,4,9
Cabo Verde,Influenza like Illness (ILI) Surveillance,Surveillance case definition used for ILI case ascertainment.,IDSR 3rd Edition,2024,4,7
Cabo Verde,Influenza like Illness (ILI) Surveillance,Type of ILI surveillance,Sentinel,2024,4,6
Cabo Verde,Severe acute respiratory infection (SARI) surveillance,Is laboratory confirmation sought for SARI sentinel surveillance,N/A,2024,5,13
Cabo Verde,Severe acute respiratory infection (SARI) surveillance,Is there timely all-cause mortality data available in the country?,N/A,2024,5,15
Cabo Verde,Severe acute respiratory infection (SARI) surveillance,Number of SARI sentinel surveillance sites,0,2024,5,14
Cabo Verde,Severe acute respiratory infection (SARI) surveillance,Sentinel sites involved in SARI surveillance.,N/A,2024,5,11
Cabo Verde,Severe acute respiratory infection (SARI) surveillance,Surveillance case definition used for SARI case ascertainment.,N/A,2024,5,12
Cabo Verde,Severe acute respiratory infection (SARI) surveillance,Type of SARI surveillance,No,2024,5,10
Cabo Verde,Virological surveillance,Antiviral susceptibility testing capability,No,2024,6,65
Cabo Verde,Virological surveillance,Average number of virological samples processed per week (2024),N/A,2024,6,32
Cabo Verde,Virological surveillance,Does the country forward samples to a WHO CC?,No,2024,6,28
Cabo Verde,Virological surveillance,Does the country have a designated National Influenza reference laboratory?,Yes,2024,6,22
Cabo Verde,Virological surveillance,Does the country have a WHO recognized National Influenza Centre (NIC)?,No,2024,6,21
Cabo Verde,Virological surveillance,Does the country have genomic sequencing capacity?,Yes,2024,6,19
Cabo Verde,Virological surveillance,Does the country have RT-PCR capacity?,Yes,2024,6,18
Cabo Verde,Virological surveillance,Does the country test for other respiratory viruses?,Yes,2024,6,20
Cabo Verde,Virological surveillance,Does the laboratory participate in the External Quality Assurance Panel (EQAP)?,No,2024,6,23
Cabo Verde,Virological surveillance,RT-PCR,Yes,2024,6,24
Cabo Verde,Virological surveillance,Sequencing capacity,Yes,2024,6,66
Cabo Verde,Virological surveillance,Type of virological surveillance,N/A,2024,6,16
Cabo Verde,Virological surveillance,Virus Isolation capacity,No,2024,6,25
Cabo Verde,Data reporting & use,Are epidemiological and virological sentinel surveillance datasets integrated?,No,2024,8,34
Cabo Verde,Data reporting & use,Does the country report to the FluID?,No,2024,8,31
Cabo Verde,Data reporting & use,Does the country report to the FluNet?,No,2024,8,33
Cabo Verde,Data reporting & use,Does the country share virus isolate and clinical specimens with WHO CC,No,2024,8,30
Cabo Verde,Data reporting & use,Does the country use the PISA tool to assess the severity of seasonal influenza?,No,2024,8,35
Cabo Verde,Data reporting & use,FluID Reporting consistency (2023-2024),0,2024,8,61
Cabo Verde,Data reporting & use,FluNet Reporting Consistency (2023-2024),0,2024,8,2659
Cabo Verde,Data reporting & use,Has the country performed a burden of disease analysis?,No,2024,8,36
Cabo Verde,Data reporting & use,Was it published? If yes provide link,No,2024,8,39
Cabo Verde,Data reporting & use,What was the estimated burden?,No,2024,8,38
Cabo Verde,Data reporting & use,What year was it performed?,No,2024,8,37
Cabo Verde,Vaccination,Does the country have a formal seasonal influenza vaccination policy?,Yes,2024,9,40
Cabo Verde,Vaccination,Has seasonal influenza vaccine been introduced in the private sector?,Yes,2024,9,42
Cabo Verde,Vaccination,Has seasonal influenza vaccine been introduced in the public sector? Year introduced;,No,2024,9,41
Cabo Verde,Vaccination,What are the recommended risk groups for influenza vaccine?,"Chronic conditions,Older adults",2024,9,43
Cabo Verde,Vaccination,Which vaccine formulation is used in the country: Northern/Southern hemisphere vaccine?,Northen Hemisphere,2024,9,44
Cabo Verde,Pandemic preparedness and response,All Hazards,No response,2024,10,50
Cabo Verde,Pandemic preparedness and response,COVID-19 specific,No response,2024,10,49
Cabo Verde,Pandemic preparedness and response,Does the country have another pandemic preparedness plan available?,No response,2024,10,47
Cabo Verde,Pandemic preparedness and response,Does the country have an updated national pandemic vaccine deployment plan for Influenza pandemic vaccine,No,2024,10,53
Cabo Verde,Pandemic preparedness and response,Does the country have a respiratory pathogen pandemic preparedness plan (PRET)?,In progress,2024,10,45
Cabo Verde,Pandemic preparedness and response,Has the country perfomed a influenza simulation exercise(s) for their pandemic preparedness plan?,No,2024,10,51
Cabo Verde,Pandemic preparedness and response,Influenza specific,No response,2024,10,48
Cabo Verde,Pandemic preparedness and response,Year plan Last updated,2023 Draft,2024,10,46
Cabo Verde,Pandemic preparedness and response,Year simulation conducted,No,2024,10,52
Cabo Verde,Integration of Influenza surveillance and SARS-CoV-2,Does the country report SARS-CoV-2 results to the Flu Net?,No,2024,11,26
Cabo Verde,Integration of Influenza surveillance and SARS-CoV-2,Has the country integrated influenza and SARS-CoV-2 sentinel surveillance?,Yes,2024,11,54
Cabo Verde,Zoonotic Influenza surveillance,Does the country perform surveillance activities at the human-animal interface?,Yes,2024,12,56
Cabo Verde,Zoonotic Influenza surveillance,Has the country held an IHR (International Health Regulations) Review?,No,2024,12,17
Cabo Verde,Zoonotic Influenza surveillance,Has the country performed joint risk assessment?,No,2024,12,57
Cabo Verde,Zoonotic Influenza surveillance,"If yes, when",In progress,2024,12,58
Cameroon,Population and Economy,Life expectancy,61,2024,1,3
Cameroon,Population and Economy,Population,28372687,2024,1,1
Cameroon,Population and Economy,Total Health Expenditure,3.82,2024,1,2
Cameroon,Mortality per 100 000 population,All cause/all ages,1270.1,2024,2,4
Cameroon,Mortality per 1000 live births,All cause/under 5 years,69.8,2024,3,5
Cameroon,Influenza like Illness (ILI) Surveillance,Is laboratory confirmation sought for ILI sentinel surveillance,Yes,2024,4,8
Cameroon,Influenza like Illness (ILI) Surveillance,Numbers of ILI sentinel surveillance sites,19,2024,4,9
Cameroon,Influenza like Illness (ILI) Surveillance,Surveillance case definition used for ILI case ascertainment.,WHO 2014,2024,4,7
Cameroon,Influenza like Illness (ILI) Surveillance,Type of ILI surveillance,Sentinel,2024,4,6
Cameroon,Severe acute respiratory infection (SARI) surveillance,Is laboratory confirmation sought for SARI sentinel surveillance,Yes,2024,5,13
Cameroon,Severe acute respiratory infection (SARI) surveillance,Is there timely all-cause mortality data available in the country?,No,2024,5,15
Cameroon,Severe acute respiratory infection (SARI) surveillance,Number of SARI sentinel surveillance sites,9,2024,5,14
Cameroon,Severe acute respiratory infection (SARI) surveillance,Sentinel sites involved in SARI surveillance.,Hospital,2024,5,11
Cameroon,Severe acute respiratory infection (SARI) surveillance,Surveillance case definition used for SARI case ascertainment.,WHO 2014,2024,5,12
Cameroon,Severe acute respiratory infection (SARI) surveillance,Type of SARI surveillance,Sentinel,2024,5,10
Cameroon,Virological surveillance,Antiviral susceptibility testing capability,No,2024,6,65
Cameroon,Virological surveillance,Average number of virological samples processed per week (2024),77,2024,6,32
Cameroon,Virological surveillance,Does the country forward samples to a WHO CC?,Yes,2024,6,28
Cameroon,Virological surveillance,Does the country have a designated National Influenza reference laboratory?,Yes,2024,6,22
Cameroon,Virological surveillance,Does the country have a WHO recognized National Influenza Centre (NIC)?,Yes,2024,6,21
Cameroon,Virological surveillance,Does the country have genomic sequencing capacity?,Yes,2024,6,19
Cameroon,Virological surveillance,Does the country have RT-PCR capacity?,Yes,2024,6,18
Cameroon,Virological surveillance,Does the country test for other respiratory viruses?,Yes,2024,6,20
Cameroon,Virological surveillance,Does the laboratory participate in the External Quality Assurance Panel (EQAP)?,Yes,2024,6,23
Cameroon,Virological surveillance,RT-PCR,Yes,2024,6,24
Cameroon,Virological surveillance,Sequencing capacity,Yes,2024,6,66
Cameroon,Virological surveillance,Type of virological surveillance,Yes,2024,6,16
Cameroon,Virological surveillance,Virus Isolation capacity,No,2024,6,25
Cameroon,Data reporting & use,Are epidemiological and virological sentinel surveillance datasets integrated?,Yes,2024,8,34
Cameroon,Data reporting & use,Does the country report to the FluID?,Yes,2024,8,31
Cameroon,Data reporting & use,Does the country report to the FluNet?,Yes,2024,8,33
Cameroon,Data reporting & use,Does the country share virus isolate and clinical specimens with WHO CC,Yes,2024,8,30
Cameroon,Data reporting & use,Does the country use the PISA tool to assess the severity of seasonal influenza?,Yes,2024,8,35
Cameroon,Data reporting & use,FluNet Reporting Consistency (2023-2024),96,2024,8,2659
Cameroon,Data reporting & use,Has the country performed a burden of disease analysis?,In progress,2024,8,36
Cameroon,Data reporting & use,Reporting consistency (2023-2024),0.96,2024,8,61
Cameroon,Data reporting & use,Was it published? If yes provide link,N/A,2024,8,39
Cameroon,Data reporting & use,What was the estimated burden?,N/A,2024,8,38
Cameroon,Data reporting & use,What year was it performed?,N/A,2024,8,37
Cameroon,Vaccination,Does the country have a formal seasonal influenza vaccination policy?,Yes,2024,9,40
Cameroon,Vaccination,Has seasonal influenza vaccine been introduced in the private sector?,Yes,2024,9,42
Cameroon,Vaccination,Has seasonal influenza vaccine been introduced in the public sector? Year introduced;,Yes,2024,9,41
Cameroon,Vaccination,What are the recommended risk groups for influenza vaccine?,"Chronic conditions, Older adults, Pregnant women, Children under 5",2024,9,43
Cameroon,Vaccination,Which vaccine formulation is used in the country: Northern/Southern hemisphere vaccine?,Southern Hemisphere,2024,9,44
Cameroon,Pandemic preparedness and response,All Hazards,No,2024,10,50
Cameroon,Pandemic preparedness and response,COVID-19 specific,Yes 2021,2024,10,49
Cameroon,Pandemic preparedness and response,Does the country have another pandemic preparedness plan available?,Yes,2024,10,47
Cameroon,Pandemic preparedness and response,Does the country have an updated national pandemic vaccine deployment plan for Influenza pandemic vaccine,No,2024,10,53
Cameroon,Pandemic preparedness and response,Does the country have a respiratory pathogen pandemic preparedness plan (PRET)?,Yes,2024,10,45
Cameroon,Pandemic preparedness and response,Has the country perfomed a influenza simulation exercise(s) for their pandemic preparedness plan?,No,2024,10,51
Cameroon,Pandemic preparedness and response,Influenza specific,Yes 2021,2024,10,48
Cameroon,Pandemic preparedness and response,Year plan Last updated,2023,2024,10,46
Cameroon,Pandemic preparedness and response,Year simulation conducted,No,2024,10,52
Cameroon,Integration of Influenza surveillance and SARS-CoV-2,Does the country report SARS-CoV-2 results to the Flu Net?,Yes,2024,11,26
Cameroon,Integration of Influenza surveillance and SARS-CoV-2,Has the country integrated influenza and SARS-CoV-2 sentinel surveillance?,Yes,2024,11,54
Cameroon,Zoonotic Influenza surveillance,Does the country perform surveillance activities at the human-animal interface?,Yes,2024,12,56
Cameroon,Zoonotic Influenza surveillance,Has the country held an IHR (International Health Regulations) Review?,Yes,2024,12,17
Cameroon,Zoonotic Influenza surveillance,Has the country performed joint risk assessment?,Yes,2024,12,57
Cameroon,Zoonotic Influenza surveillance,"If yes, when",2021,2024,12,58
Central African Republic,Population and Economy,Life expectancy,54,2024,1,3
Central African Republic,Population and Economy,Population,5152421,2024,1,1
Central African Republic,Population and Economy,Total Health Expenditure,9.07,2024,1,2
Central African Republic,Mortality per 100 000 population,All cause/all ages,2089.4,2024,2,4
Central African Republic,Mortality per 1000 live births,All cause/under 5 years,96.8,2024,3,5
Central African Republic,Influenza like Illness (ILI) Surveillance,Is laboratory confirmation sought for ILI sentinel surveillance,Yes,2024,4,8
Central African Republic,Influenza like Illness (ILI) Surveillance,Numbers of ILI sentinel surveillance sites,8,2024,4,9
Central African Republic,Influenza like Illness (ILI) Surveillance,Surveillance case definition used for ILI case ascertainment.,WHO 2014,2024,4,7
Central African Republic,Influenza like Illness (ILI) Surveillance,Type of ILI surveillance,Sentinel,2024,4,6
Central African Republic,Severe acute respiratory infection (SARI) surveillance,Is laboratory confirmation sought for SARI sentinel surveillance,Yes,2024,5,13
Central African Republic,Severe acute respiratory infection (SARI) surveillance,Is there timely all-cause mortality data available in the country?,Yes,2024,5,15
Central African Republic,Severe acute respiratory infection (SARI) surveillance,Number of SARI sentinel surveillance sites,3,2024,5,14
Central African Republic,Severe acute respiratory infection (SARI) surveillance,Sentinel sites involved in SARI surveillance.,Hospital,2024,5,11
Central African Republic,Severe acute respiratory infection (SARI) surveillance,Surveillance case definition used for SARI case ascertainment.,WHO 2014,2024,5,12
Central African Republic,Severe acute respiratory infection (SARI) surveillance,Type of SARI surveillance,Sentinel,2024,5,10
Central African Republic,Virological surveillance,Antiviral susceptibility testing capability,No,2024,6,65
Central African Republic,Virological surveillance,Average number of virological samples processed per week (2024),6,2024,6,32
Central African Republic,Virological surveillance,Does the country forward samples to a WHO CC?,Yes,2024,6,28
Central African Republic,Virological surveillance,Does the country have a designated National Influenza reference laboratory?,Yes,2024,6,22
Central African Republic,Virological surveillance,Does the country have a WHO recognized National Influenza Centre (NIC)?,Yes,2024,6,21
Central African Republic,Virological surveillance,Does the country have genomic sequencing capacity?,Yes,2024,6,19
Central African Republic,Virological surveillance,Does the country have RT-PCR capacity?,Yes,2024,6,18
Central African Republic,Virological surveillance,Does the country test for other respiratory viruses?,Yes,2024,6,20
Central African Republic,Virological surveillance,Does the laboratory participate in the External Quality Assurance Panel (EQAP)?,Yes,2024,6,23
Central African Republic,Virological surveillance,RT-PCR,Yes,2024,6,24
Central African Republic,Virological surveillance,Sequencing capacity,Yes,2024,6,66
Central African Republic,Virological surveillance,Type of virological surveillance,Sentinel,2024,6,16
Central African Republic,Virological surveillance,Virus Isolation capacity,Yes,2024,6,25
Central African Republic,Data reporting & use,Are epidemiological and virological sentinel surveillance datasets integrated?,Yes,2024,8,34
Central African Republic,Data reporting & use,Does the country report to the FluID?,Yes,2024,8,31
Central African Republic,Data reporting & use,Does the country report to the FluNet?,Yes,2024,8,33
Central African Republic,Data reporting & use,Does the country share virus isolate and clinical specimens with WHO CC,Yes,2024,8,30
Central African Republic,Data reporting & use,Does the country use the PISA tool to assess the severity of seasonal influenza?,No,2024,8,35
Central African Republic,Data reporting & use,FluNet Reporting Consistency (2023-2024),96,2024,8,2659
Central African Republic,Data reporting & use,Has the country performed a burden of disease analysis?,No,2024,8,36
Central African Republic,Data reporting & use,Reporting consistency (2023-2024),0.96,2024,8,61
Central African Republic,Data reporting & use,Was it published? If yes provide link,No,2024,8,39
Central African Republic,Data reporting & use,What was the estimated burden?,N/A,2024,8,38
Central African Republic,Data reporting & use,What year was it performed?,No,2024,8,37
Central African Republic,Vaccination,Does the country have a formal seasonal influenza vaccination policy?,Yes,2024,9,40
Central African Republic,Vaccination,Has seasonal influenza vaccine been introduced in the private sector?,Yes,2024,9,42
Central African Republic,Vaccination,Has seasonal influenza vaccine been introduced in the public sector? Year introduced;,Yes,2024,9,41
Central African Republic,Vaccination,What are the recommended risk groups for influenza vaccine?,"Health care workers,Chronic conditions,Older adults,Pregnant women,Children under 5 years",2024,9,43
Central African Republic,Vaccination,Which vaccine formulation is used in the country: Northern/Southern hemisphere vaccine?,Southern Hemisphere,2024,9,44
Central African Republic,Pandemic preparedness and response,All Hazards,No,2024,10,50
Central African Republic,Pandemic preparedness and response,COVID-19 specific,Yes 2023,2024,10,49
Central African Republic,Pandemic preparedness and response,Does the country have another pandemic preparedness plan available?,Yes,2024,10,47
Central African Republic,Pandemic preparedness and response,Does the country have an updated national pandemic vaccine deployment plan for Influenza pandemic vaccine,No,2024,10,53
Central African Republic,Pandemic preparedness and response,Does the country have a respiratory pathogen pandemic preparedness plan (PRET)?,In progress,2024,10,45
Central African Republic,Pandemic preparedness and response,Has the country perfomed a influenza simulation exercise(s) for their pandemic preparedness plan?,No,2024,10,51
Central African Republic,Pandemic preparedness and response,Influenza specific,Yes 2022,2024,10,48
Central African Republic,Pandemic preparedness and response,Year plan Last updated,Draft 2023,2024,10,46
Central African Republic,Pandemic preparedness and response,Year simulation conducted,No,2024,10,52
Central African Republic,Integration of Influenza surveillance and SARS-CoV-2,Does the country report SARS-CoV-2 results to the Flu Net?,Yes,2024,11,26
Central African Republic,Integration of Influenza surveillance and SARS-CoV-2,Has the country integrated influenza and SARS-CoV-2 sentinel surveillance?,Yes,2024,11,54
Central African Republic,Zoonotic Influenza surveillance,Does the country perform surveillance activities at the human-animal interface?,No,2024,12,56
Central African Republic,Zoonotic Influenza surveillance,Has the country held an IHR (International Health Regulations) Review?,Yes,2024,12,17
Central African Republic,Zoonotic Influenza surveillance,Has the country performed joint risk assessment?,No,2024,12,57
Central African Republic,Zoonotic Influenza surveillance,"If yes, when",2023,2024,12,58
Chad,Population and Economy,Life expectancy,53,2024,1,3
Chad,Population and Economy,Population,19319064,2024,1,1
Chad,Population and Economy,Total Health Expenditure,5.19,2024,1,2
Chad,Mortality per 100 000 population,All cause/all ages,1379.1,2024,2,4
Chad,Mortality per 1000 live births,All cause/under 5 years,102.9,2024,3,5
Chad,Influenza like Illness (ILI) Surveillance,Is laboratory confirmation sought for ILI sentinel surveillance,Yes,2024,4,8
Chad,Influenza like Illness (ILI) Surveillance,Numbers of ILI sentinel surveillance sites,6,2024,4,9
Chad,Influenza like Illness (ILI) Surveillance,Surveillance case definition used for ILI case ascertainment.,IDSR 3rd Edition,2024,4,7
Chad,Influenza like Illness (ILI) Surveillance,Type of ILI surveillance,Sentinel,2024,4,6
Chad,Severe acute respiratory infection (SARI) surveillance,Is laboratory confirmation sought for SARI sentinel surveillance,Yes,2024,5,13
Chad,Severe acute respiratory infection (SARI) surveillance,Is there timely all-cause mortality data available in the country?,No,2024,5,15
Chad,Severe acute respiratory infection (SARI) surveillance,Number of SARI sentinel surveillance sites,6,2024,5,14
Chad,Severe acute respiratory infection (SARI) surveillance,Sentinel sites involved in SARI surveillance.,Hospital,2024,5,11
Chad,Severe acute respiratory infection (SARI) surveillance,Surveillance case definition used for SARI case ascertainment.,IDSR 3rd Edition,2024,5,12
Chad,Severe acute respiratory infection (SARI) surveillance,Type of SARI surveillance,Sentinel,2024,5,10
Chad,Virological surveillance,Antiviral susceptibility testing capability,No,2024,6,65
Chad,Virological surveillance,Average number of virological samples processed per week (2024),0.1,2024,6,32
Chad,Virological surveillance,Does the country forward samples to a WHO CC?,No,2024,6,28
Chad,Virological surveillance,Does the country have a designated National Influenza reference laboratory?,Yes,2024,6,22
Chad,Virological surveillance,Does the country have a WHO recognized National Influenza Centre (NIC)?,No,2024,6,21
Chad,Virological surveillance,Does the country have genomic sequencing capacity?,No,2024,6,19
Chad,Virological surveillance,Does the country have RT-PCR capacity?,Yes,2024,6,18
Chad,Virological surveillance,Does the country test for other respiratory viruses?,No,2024,6,20
Chad,Virological surveillance,Does the laboratory participate in the External Quality Assurance Panel (EQAP)?,Yes,2024,6,23
Chad,Virological surveillance,RT-PCR,Yes,2024,6,24
Chad,Virological surveillance,Sequencing capacity,Yes,2024,6,66
Chad,Virological surveillance,Type of virological surveillance,Sentinel,2024,6,16
Chad,Virological surveillance,Virus Isolation capacity,No,2024,6,25
Chad,Data reporting & use,Are epidemiological and virological sentinel surveillance datasets integrated?,No,2024,8,34
Chad,Data reporting & use,Does the country report to the FluID?,No,2024,8,31
Chad,Data reporting & use,Does the country report to the FluNet?,Yes,2024,8,33
Chad,Data reporting & use,Does the country share virus isolate and clinical specimens with WHO CC,No,2024,8,30
Chad,Data reporting & use,Does the country use the PISA tool to assess the severity of seasonal influenza?,No,2024,8,35
Chad,Data reporting & use,FluNet Reporting Consistency (2023-2024),100,2024,8,2659
Chad,Data reporting & use,Has the country performed a burden of disease analysis?,No,2024,8,36
Chad,Data reporting & use,Reporting consistency (2023-2024),1,2024,8,61
Chad,Data reporting & use,Was it published? If yes provide link,No,2024,8,39
Chad,Data reporting & use,What was the estimated burden?,N/A,2024,8,38
Chad,Data reporting & use,What year was it performed?,No,2024,8,37
Chad,Vaccination,Does the country have a formal seasonal influenza vaccination policy?,No,2024,9,40
Chad,Vaccination,Has seasonal influenza vaccine been introduced in the private sector?,No response,2024,9,42
Chad,Vaccination,Has seasonal influenza vaccine been introduced in the public sector? Year introduced;,No response,2024,9,41
Chad,Vaccination,What are the recommended risk groups for influenza vaccine?,No response,2024,9,43
Chad,Vaccination,Which vaccine formulation is used in the country: Northern/Southern hemisphere vaccine?,No,2024,9,44
Chad,Pandemic preparedness and response,All Hazards,No response,2024,10,50
Chad,Pandemic preparedness and response,COVID-19 specific,No response,2024,10,49
Chad,Pandemic preparedness and response,Does the country have another pandemic preparedness plan available?,No response,2024,10,47
Chad,Pandemic preparedness and response,Does the country have an updated national pandemic vaccine deployment plan for Influenza pandemic vaccine,No,2024,10,53
Chad,Pandemic preparedness and response,Does the country have a respiratory pathogen pandemic preparedness plan (PRET)?,No,2024,10,45
Chad,Pandemic preparedness and response,Has the country perfomed a influenza simulation exercise(s) for their pandemic preparedness plan?,No,2024,10,51
Chad,Pandemic preparedness and response,Influenza specific,No response,2024,10,48
Chad,Pandemic preparedness and response,Year plan Last updated,No,2024,10,46
Chad,Pandemic preparedness and response,Year simulation conducted,No,2024,10,52
Chad,Integration of Influenza surveillance and SARS-CoV-2,Does the country report SARS-CoV-2 results to the Flu Net?,Yes,2024,11,26
Chad,Integration of Influenza surveillance and SARS-CoV-2,Has the country integrated influenza and SARS-CoV-2 sentinel surveillance?,Yes,2024,11,54
Chad,Zoonotic Influenza surveillance,Does the country perform surveillance activities at the human-animal interface?,Yes,2024,12,56
Chad,Zoonotic Influenza surveillance,Has the country held an IHR (International Health Regulations) Review?,Yes,2024,12,17
Chad,Zoonotic Influenza surveillance,Has the country performed joint risk assessment?,No,2024,12,57
Chad,Zoonotic Influenza surveillance,"If yes, when",2018,2024,12,58
Comoros,Population and Economy,Life expectancy,64,2024,1,3
Comoros,Population and Economy,Population,850387,2024,1,1
Comoros,Population and Economy,Total Health Expenditure,6.34,2024,1,2
Comoros,Mortality per 100 000 population,All cause/all ages,986.4,2024,2,4
Comoros,Mortality per 1000 live births,All cause/under 5 years,48.2,2024,3,5
Comoros,Influenza like Illness (ILI) Surveillance,Is laboratory confirmation sought for ILI sentinel surveillance,N/A,2024,4,8
Comoros,Influenza like Illness (ILI) Surveillance,Numbers of ILI sentinel surveillance sites,0,2024,4,9
Comoros,Influenza like Illness (ILI) Surveillance,Surveillance case definition used for ILI case ascertainment.,N/A,2024,4,7
Comoros,Influenza like Illness (ILI) Surveillance,Type of ILI surveillance,No,2024,4,6
Comoros,Severe acute respiratory infection (SARI) surveillance,Is laboratory confirmation sought for SARI sentinel surveillance,N/A,2024,5,13
Comoros,Severe acute respiratory infection (SARI) surveillance,Is there timely all-cause mortality data available in the country?,No response,2024,5,15
Comoros,Severe acute respiratory infection (SARI) surveillance,Number of SARI sentinel surveillance sites,0,2024,5,14
Comoros,Severe acute respiratory infection (SARI) surveillance,Sentinel sites involved in SARI surveillance.,N/A,2024,5,11
Comoros,Severe acute respiratory infection (SARI) surveillance,Surveillance case definition used for SARI case ascertainment.,N/A,2024,5,12
Comoros,Severe acute respiratory infection (SARI) surveillance,Type of SARI surveillance,No,2024,5,10
Comoros,Virological surveillance,Antiviral susceptibility testing capability,No,2024,6,65
Comoros,Virological surveillance,Average number of virological samples processed per week (2024),0,2024,6,32
Comoros,Virological surveillance,Does the country forward samples to a WHO CC?,No,2024,6,28
Comoros,Virological surveillance,Does the country have a designated National Influenza reference laboratory?,No,2024,6,22
Comoros,Virological surveillance,Does the country have a WHO recognized National Influenza Centre (NIC)?,No,2024,6,21
Comoros,Virological surveillance,Does the country have genomic sequencing capacity?,Yes,2024,6,19
Comoros,Virological surveillance,Does the country have RT-PCR capacity?,Yes,2024,6,18
Comoros,Virological surveillance,Does the country test for other respiratory viruses?,Yes,2024,6,20
Comoros,Virological surveillance,Does the laboratory participate in the External Quality Assurance Panel (EQAP)?,Yes,2024,6,23
Comoros,Virological surveillance,RT-PCR,No,2024,6,24
Comoros,Virological surveillance,Sequencing capacity,Yes,2024,6,66
Comoros,Virological surveillance,Type of virological surveillance,No response,2024,6,16
Comoros,Virological surveillance,Virus Isolation capacity,No,2024,6,25
Comoros,Data reporting & use,Are epidemiological and virological sentinel surveillance datasets integrated?,No,2024,8,34
Comoros,Data reporting & use,Does the country report to the FluID?,No,2024,8,31
Comoros,Data reporting & use,Does the country report to the FluNet?,No,2024,8,33
Comoros,Data reporting & use,Does the country share virus isolate and clinical specimens with WHO CC,No,2024,8,30
Comoros,Data reporting & use,Does the country use the PISA tool to assess the severity of seasonal influenza?,No,2024,8,35
Comoros,Data reporting & use,FluID Reporting consistency (2023-2024),0,2024,8,61
Comoros,Data reporting & use,FluNet Reporting Consistency (2023-2024),0,2024,8,2659
Comoros,Data reporting & use,Has the country performed a burden of disease analysis?,No,2024,8,36
Comoros,Data reporting & use,Was it published? If yes provide link,No,2024,8,39
Comoros,Data reporting & use,What was the estimated burden?,N/A,2024,8,38
Comoros,Data reporting & use,What year was it performed?,No,2024,8,37
Comoros,Vaccination,Does the country have a formal seasonal influenza vaccination policy?,No,2024,9,40
Comoros,Vaccination,Has seasonal influenza vaccine been introduced in the private sector?,No response,2024,9,42
Comoros,Vaccination,Has seasonal influenza vaccine been introduced in the public sector? Year introduced;,No response,2024,9,41
Comoros,Vaccination,What are the recommended risk groups for influenza vaccine?,No response,2024,9,43
Comoros,Vaccination,Which vaccine formulation is used in the country: Northern/Southern hemisphere vaccine?,No response,2024,9,44
Comoros,Pandemic preparedness and response,All Hazards,No response,2024,10,50
Comoros,Pandemic preparedness and response,COVID-19 specific,No response,2024,10,49
Comoros,Pandemic preparedness and response,Does the country have another pandemic preparedness plan available?,No response,2024,10,47
Comoros,Pandemic preparedness and response,Does the country have an updated national pandemic vaccine deployment plan for Influenza pandemic vaccine,No,2024,10,53
Comoros,Pandemic preparedness and response,Does the country have a respiratory pathogen pandemic preparedness plan (PRET)?,No response,2024,10,45
Comoros,Pandemic preparedness and response,Has the country perfomed a influenza simulation exercise(s) for their pandemic preparedness plan?,No,2024,10,51
Comoros,Pandemic preparedness and response,Influenza specific,No response,2024,10,48
Comoros,Pandemic preparedness and response,Year plan Last updated,No response,2024,10,46
Comoros,Pandemic preparedness and response,Year simulation conducted,No,2024,10,52
Comoros,Integration of Influenza surveillance and SARS-CoV-2,Does the country report SARS-CoV-2 results to the Flu Net?,No response,2024,11,26
Comoros,Integration of Influenza surveillance and SARS-CoV-2,Has the country integrated influenza and SARS-CoV-2 sentinel surveillance?,No response,2024,11,54
Comoros,Zoonotic Influenza surveillance,Does the country perform surveillance activities at the human-animal interface?,No response,2024,12,56
Comoros,Zoonotic Influenza surveillance,Has the country held an IHR (International Health Regulations) Review?,No,2024,12,17
Comoros,Zoonotic Influenza surveillance,Has the country performed joint risk assessment?,No,2024,12,57
Comoros,Zoonotic Influenza surveillance,"If yes, when",N/A,2024,12,58
Cote d'Ivoire,Population and Economy,Life expectancy,59,2024,1,3
Cote d'Ivoire,Population and Economy,Population,31165654,2024,1,1
Cote d'Ivoire,Population and Economy,Total Health Expenditure,3.13,2024,1,2
Cote d'Ivoire,Mortality per 100 000 population,All cause/all ages,1143.7,2024,2,4
Cote d'Ivoire,Mortality per 1000 live births,All cause/under 5 years,69.4,2024,3,5
Cote d'Ivoire,Influenza like Illness (ILI) Surveillance,Is laboratory confirmation sought for ILI sentinel surveillance,Yes,2024,4,8
Cote d'Ivoire,Influenza like Illness (ILI) Surveillance,Numbers of ILI sentinel surveillance sites,3,2024,4,9
Cote d'Ivoire,Influenza like Illness (ILI) Surveillance,Surveillance case definition used for ILI case ascertainment.,WHO 2014,2024,4,7
Cote d'Ivoire,Influenza like Illness (ILI) Surveillance,Type of ILI surveillance,Sentinel,2024,4,6
Cote d'Ivoire,Severe acute respiratory infection (SARI) surveillance,Is laboratory confirmation sought for SARI sentinel surveillance,Yes,2024,5,13
Cote d'Ivoire,Severe acute respiratory infection (SARI) surveillance,Is there timely all-cause mortality data available in the country?,No response,2024,5,15
Cote d'Ivoire,Severe acute respiratory infection (SARI) surveillance,Number of SARI sentinel surveillance sites,7,2024,5,14
Cote d'Ivoire,Severe acute respiratory infection (SARI) surveillance,Sentinel sites involved in SARI surveillance.,Hospital,2024,5,11
Cote d'Ivoire,Severe acute respiratory infection (SARI) surveillance,Surveillance case definition used for SARI case ascertainment.,WHO 2014,2024,5,12
Cote d'Ivoire,Severe acute respiratory infection (SARI) surveillance,Type of SARI surveillance,Sentinel,2024,5,10
Cote d'Ivoire,Virological surveillance,Antiviral susceptibility testing capability,Yes,2024,6,65
Cote d'Ivoire,Virological surveillance,Average number of virological samples processed per week (2024),99,2024,6,32
Cote d'Ivoire,Virological surveillance,Does the country forward samples to a WHO CC?,Yes,2024,6,28
Cote d'Ivoire,Virological surveillance,Does the country have a designated National Influenza reference laboratory?,Yes,2024,6,22
Cote d'Ivoire,Virological surveillance,Does the country have a WHO recognized National Influenza Centre (NIC)?,Yes,2024,6,21
Cote d'Ivoire,Virological surveillance,Does the country have genomic sequencing capacity?,Yes,2024,6,19
Cote d'Ivoire,Virological surveillance,Does the country have RT-PCR capacity?,Yes,2024,6,18
Cote d'Ivoire,Virological surveillance,Does the country test for other respiratory viruses?,Yes,2024,6,20
Cote d'Ivoire,Virological surveillance,Does the laboratory participate in the External Quality Assurance Panel (EQAP)?,Yes,2024,6,23
Cote d'Ivoire,Virological surveillance,RT-PCR,Yes,2024,6,24
Cote d'Ivoire,Virological surveillance,Sequencing capacity,Yes,2024,6,66
Cote d'Ivoire,Virological surveillance,Type of virological surveillance,Sentinel,2024,6,16
Cote d'Ivoire,Virological surveillance,Virus Isolation capacity,Yes,2024,6,25
Cote d'Ivoire,Data reporting & use,Are epidemiological and virological sentinel surveillance datasets integrated?,Yes,2024,8,34
Cote d'Ivoire,Data reporting & use,Does the country report to the FluID?,Yes,2024,8,31
Cote d'Ivoire,Data reporting & use,Does the country report to the FluNet?,Yes,2024,8,33
Cote d'Ivoire,Data reporting & use,Does the country share virus isolate and clinical specimens with WHO CC,Yes,2024,8,30
Cote d'Ivoire,Data reporting & use,Does the country use the PISA tool to assess the severity of seasonal influenza?,No,2024,8,35
Cote d'Ivoire,Data reporting & use,FluNet Reporting Consistency (2023-2024),100,2024,8,2659
Cote d'Ivoire,Data reporting & use,Has the country performed a burden of disease analysis?,No,2024,8,36
Cote d'Ivoire,Data reporting & use,Reporting consistency (2023-2024),1,2024,8,61
Cote d'Ivoire,Data reporting & use,Was it published? If yes provide link,No,2024,8,39
Cote d'Ivoire,Data reporting & use,What was the estimated burden?,No,2024,8,38
Cote d'Ivoire,Data reporting & use,What year was it performed?,No,2024,8,37
Cote d'Ivoire,Vaccination,Does the country have a formal seasonal influenza vaccination policy?,Yes,2024,9,40
Cote d'Ivoire,Vaccination,Has seasonal influenza vaccine been introduced in the private sector?,Yes,2024,9,42
Cote d'Ivoire,Vaccination,Has seasonal influenza vaccine been introduced in the public sector? Year introduced;,Yes,2024,9,41
Cote d'Ivoire,Vaccination,What are the recommended risk groups for influenza vaccine?,"Health care workers,Chronic conditions,Older adults,Pregnant women,Children under 5 years",2024,9,43
Cote d'Ivoire,Vaccination,Which vaccine formulation is used in the country: Northern/Southern hemisphere vaccine?,Both Nothern and Southern,2024,9,44
Cote d'Ivoire,Pandemic preparedness and response,All Hazards,Yes,2024,10,50
Cote d'Ivoire,Pandemic preparedness and response,COVID-19 specific,Yes 2023,2024,10,49
Cote d'Ivoire,Pandemic preparedness and response,Does the country have another pandemic preparedness plan available?,Yes,2024,10,47
Cote d'Ivoire,Pandemic preparedness and response,Does the country have an updated national pandemic vaccine deployment plan for Influenza pandemic vaccine,In progress,2024,10,53
Cote d'Ivoire,Pandemic preparedness and response,Does the country have a respiratory pathogen pandemic preparedness plan (PRET)?,In progress,2024,10,45
Cote d'Ivoire,Pandemic preparedness and response,Has the country perfomed a influenza simulation exercise(s) for their pandemic preparedness plan?,No,2024,10,51
Cote d'Ivoire,Pandemic preparedness and response,Influenza specific,Yes 2021,2024,10,48
Cote d'Ivoire,Pandemic preparedness and response,Year plan Last updated,Draft (2024),2024,10,46
Cote d'Ivoire,Pandemic preparedness and response,Year simulation conducted,No,2024,10,52
Cote d'Ivoire,Integration of Influenza surveillance and SARS-CoV-2,Does the country report SARS-CoV-2 results to the Flu Net?,Yes,2024,11,26
Cote d'Ivoire,Integration of Influenza surveillance and SARS-CoV-2,Has the country integrated influenza and SARS-CoV-2 sentinel surveillance?,Yes,2024,11,54
Cote d'Ivoire,Zoonotic Influenza surveillance,Does the country perform surveillance activities at the human-animal interface?,Yes,2024,12,56
Cote d'Ivoire,Zoonotic Influenza surveillance,Has the country held an IHR (International Health Regulations) Review?,Yes,2024,12,17
Cote d'Ivoire,Zoonotic Influenza surveillance,Has the country performed joint risk assessment?,Yes,2024,12,57
Cote d'Ivoire,Zoonotic Influenza surveillance,"If yes, when",2021,2024,12,58
Democratic Republic of the Congo,Population and Economy,Life expectancy,60,2024,1,3
Democratic Republic of the Congo,Population and Economy,Population,105789731,2024,1,1
Democratic Republic of the Congo,Population and Economy,Total Health Expenditure,3.79,2024,1,2
Democratic Republic of the Congo,Mortality per 100 000 population,All cause/all ages,1308.6,2024,2,4
Democratic Republic of the Congo,Mortality per 1000 live births,All cause/under 5 years,66.9,2024,3,5
Democratic Republic of the Congo,Influenza like Illness (ILI) Surveillance,Is laboratory confirmation sought for ILI sentinel surveillance,Yes,2024,4,8
Democratic Republic of the Congo,Influenza like Illness (ILI) Surveillance,Numbers of ILI sentinel surveillance sites,4,2024,4,9
Democratic Republic of the Congo,Influenza like Illness (ILI) Surveillance,Surveillance case definition used for ILI case ascertainment.,IDSR 3rd Edition,2024,4,7
Democratic Republic of the Congo,Influenza like Illness (ILI) Surveillance,Type of ILI surveillance,Sentinel,2024,4,6
Democratic Republic of the Congo,Severe acute respiratory infection (SARI) surveillance,Is laboratory confirmation sought for SARI sentinel surveillance,Yes,2024,5,13
Democratic Republic of the Congo,Severe acute respiratory infection (SARI) surveillance,Is there timely all-cause mortality data available in the country?,Yes,2024,5,15
Democratic Republic of the Congo,Severe acute respiratory infection (SARI) surveillance,Number of SARI sentinel surveillance sites,4,2024,5,14
Democratic Republic of the Congo,Severe acute respiratory infection (SARI) surveillance,Sentinel sites involved in SARI surveillance.,Hospital,2024,5,11
Democratic Republic of the Congo,Severe acute respiratory infection (SARI) surveillance,Surveillance case definition used for SARI case ascertainment.,IDSR 3rd Edition,2024,5,12
Democratic Republic of the Congo,Severe acute respiratory infection (SARI) surveillance,Type of SARI surveillance,Sentinel,2024,5,10
Democratic Republic of the Congo,Virological surveillance,Antiviral susceptibility testing capability,No,2024,6,65
Democratic Republic of the Congo,Virological surveillance,Average number of virological samples processed per week (2024),35,2024,6,32
Democratic Republic of the Congo,Virological surveillance,Does the country forward samples to a WHO CC?,Yes,2024,6,28
Democratic Republic of the Congo,Virological surveillance,Does the country have a designated National Influenza reference laboratory?,Yes,2024,6,22
Democratic Republic of the Congo,Virological surveillance,Does the country have a WHO recognized National Influenza Centre (NIC)?,No,2024,6,21
Democratic Republic of the Congo,Virological surveillance,Does the country have genomic sequencing capacity?,Yes,2024,6,19
Democratic Republic of the Congo,Virological surveillance,Does the country have RT-PCR capacity?,Yes,2024,6,18
Democratic Republic of the Congo,Virological surveillance,Does the country test for other respiratory viruses?,Yes,2024,6,20
Democratic Republic of the Congo,Virological surveillance,Does the laboratory participate in the External Quality Assurance Panel (EQAP)?,Yes,2024,6,23
Democratic Republic of the Congo,Virological surveillance,RT-PCR,Yes,2024,6,24
Democratic Republic of the Congo,Virological surveillance,Sequencing capacity,Yes,2024,6,66
Democratic Republic of the Congo,Virological surveillance,Type of virological surveillance,Sentinel,2024,6,16
Democratic Republic of the Congo,Virological surveillance,Virus Isolation capacity,Yes,2024,6,25
Democratic Republic of the Congo,Data reporting & use,Are epidemiological and virological sentinel surveillance datasets integrated?,No,2024,8,34
Democratic Republic of the Congo,Data reporting & use,Does the country report to the FluID?,No,2024,8,31
Democratic Republic of the Congo,Data reporting & use,Does the country report to the FluNet?,Yes,2024,8,33
Democratic Republic of the Congo,Data reporting & use,Does the country share virus isolate and clinical specimens with WHO CC,Yes,2024,8,30
Democratic Republic of the Congo,Data reporting & use,Does the country use the PISA tool to assess the severity of seasonal influenza?,No,2024,8,35
Democratic Republic of the Congo,Data reporting & use,FluNet Reporting Consistency (2023-2024),100,2024,8,2659
Democratic Republic of the Congo,Data reporting & use,Has the country performed a burden of disease analysis?,Yes,2024,8,36
Democratic Republic of the Congo,Data reporting & use,Reporting consistency (2023-2024),1,2024,8,61
Democratic Republic of the Congo,Data reporting & use,Was it published? If yes provide link,https://pubmed.ncbi.nlm.nih.gov/30120818/,2024,8,39
Democratic Republic of the Congo,Data reporting & use,What was the estimated burden?,N/A,2024,8,38
Democratic Republic of the Congo,Data reporting & use,What year was it performed?,2018,2024,8,37
Democratic Republic of the Congo,Vaccination,Does the country have a formal seasonal influenza vaccination policy?,No,2024,9,40
Democratic Republic of the Congo,Vaccination,Has seasonal influenza vaccine been introduced in the private sector?,No response,2024,9,42
Democratic Republic of the Congo,Vaccination,Has seasonal influenza vaccine been introduced in the public sector? Year introduced;,No response,2024,9,41
Democratic Republic of the Congo,Vaccination,What are the recommended risk groups for influenza vaccine?,No response,2024,9,43
Democratic Republic of the Congo,Vaccination,Which vaccine formulation is used in the country: Northern/Southern hemisphere vaccine?,No response,2024,9,44
Democratic Republic of the Congo,Pandemic preparedness and response,All Hazards,No response,2024,10,50
Democratic Republic of the Congo,Pandemic preparedness and response,COVID-19 specific,No response,2024,10,49
Democratic Republic of the Congo,Pandemic preparedness and response,Does the country have another pandemic preparedness plan available?,No response,2024,10,47
Democratic Republic of the Congo,Pandemic preparedness and response,Does the country have an updated national pandemic vaccine deployment plan for Influenza pandemic vaccine,No,2024,10,53
Democratic Republic of the Congo,Pandemic preparedness and response,Does the country have a respiratory pathogen pandemic preparedness plan (PRET)?,No,2024,10,45
Democratic Republic of the Congo,Pandemic preparedness and response,Has the country perfomed a influenza simulation exercise(s) for their pandemic preparedness plan?,No,2024,10,51
Democratic Republic of the Congo,Pandemic preparedness and response,Influenza specific,No response,2024,10,48
Democratic Republic of the Congo,Pandemic preparedness and response,Year plan Last updated,No response,2024,10,46
Democratic Republic of the Congo,Pandemic preparedness and response,Year simulation conducted,N/A,2024,10,52
Democratic Republic of the Congo,Integration of Influenza surveillance and SARS-CoV-2,Does the country report SARS-CoV-2 results to the Flu Net?,Yes,2024,11,26
Democratic Republic of the Congo,Integration of Influenza surveillance and SARS-CoV-2,Has the country integrated influenza and SARS-CoV-2 sentinel surveillance?,Yes,2024,11,54
Democratic Republic of the Congo,Zoonotic Influenza surveillance,Does the country perform surveillance activities at the human-animal interface?,Yes,2024,12,56
Democratic Republic of the Congo,Zoonotic Influenza surveillance,Has the country held an IHR (International Health Regulations) Review?,Yes,2024,12,17
Democratic Republic of the Congo,Zoonotic Influenza surveillance,Has the country performed joint risk assessment?,Yes,2024,12,57
Democratic Republic of the Congo,Zoonotic Influenza surveillance,"If yes, when",2024,2024,12,58
Equatorial Guinea,Population and Economy,Life expectancy,61,2024,1,3
Equatorial Guinea,Population and Economy,Population,1847549,2024,1,1
Equatorial Guinea,Population and Economy,Total Health Expenditure,3.4,2024,1,2
Equatorial Guinea,Mortality per 100 000 population,All cause/all ages,1259.4,2024,2,4
Equatorial Guinea,Mortality per 1000 live births,All cause/under 5 years,73.4,2024,3,5
Equatorial Guinea,Influenza like Illness (ILI) Surveillance,Is laboratory confirmation sought for ILI sentinel surveillance,N/A,2024,4,8
Equatorial Guinea,Influenza like Illness (ILI) Surveillance,Numbers of ILI sentinel surveillance sites,N/A,2024,4,9
Equatorial Guinea,Influenza like Illness (ILI) Surveillance,Surveillance case definition used for ILI case ascertainment.,N/A,2024,4,7
Equatorial Guinea,Influenza like Illness (ILI) Surveillance,Type of ILI surveillance,No,2024,4,6
Equatorial Guinea,Severe acute respiratory infection (SARI) surveillance,Is laboratory confirmation sought for SARI sentinel surveillance,N/A,2024,5,13
Equatorial Guinea,Severe acute respiratory infection (SARI) surveillance,Is there timely all-cause mortality data available in the country?,Yes,2024,5,15
Equatorial Guinea,Severe acute respiratory infection (SARI) surveillance,Number of SARI sentinel surveillance sites,N/A,2024,5,14
Equatorial Guinea,Severe acute respiratory infection (SARI) surveillance,Sentinel sites involved in SARI surveillance.,N/A,2024,5,11
Equatorial Guinea,Severe acute respiratory infection (SARI) surveillance,Surveillance case definition used for SARI case ascertainment.,N/A,2024,5,12
Equatorial Guinea,Severe acute respiratory infection (SARI) surveillance,Type of SARI surveillance,No,2024,5,10
Equatorial Guinea,Virological surveillance,Antiviral susceptibility testing capability,No,2024,6,65
Equatorial Guinea,Virological surveillance,Average number of virological samples processed per week (2024),0,2024,6,32
Equatorial Guinea,Virological surveillance,Does the country forward samples to a WHO CC?,No,2024,6,28
Equatorial Guinea,Virological surveillance,Does the country have a designated National Influenza reference laboratory?,No,2024,6,22
Equatorial Guinea,Virological surveillance,Does the country have a WHO recognized National Influenza Centre (NIC)?,No,2024,6,21
Equatorial Guinea,Virological surveillance,Does the country have genomic sequencing capacity?,Yes,2024,6,19
Equatorial Guinea,Virological surveillance,Does the country have RT-PCR capacity?,Yes,2024,6,18
Equatorial Guinea,Virological surveillance,Does the country test for other respiratory viruses?,No,2024,6,20
Equatorial Guinea,Virological surveillance,Does the laboratory participate in the External Quality Assurance Panel (EQAP)?,Yes,2024,6,23
Equatorial Guinea,Virological surveillance,RT-PCR,No,2024,6,24
Equatorial Guinea,Virological surveillance,Sequencing capacity,No,2024,6,66
Equatorial Guinea,Virological surveillance,Type of virological surveillance,No,2024,6,16
Equatorial Guinea,Virological surveillance,Virus Isolation capacity,No,2024,6,25
Equatorial Guinea,Data reporting & use,Are epidemiological and virological sentinel surveillance datasets integrated?,No,2024,8,34
Equatorial Guinea,Data reporting & use,Does the country report to the FluID?,No,2024,8,31
Equatorial Guinea,Data reporting & use,Does the country report to the FluNet?,No,2024,8,33
Equatorial Guinea,Data reporting & use,Does the country share virus isolate and clinical specimens with WHO CC,No,2024,8,30
Equatorial Guinea,Data reporting & use,Does the country use the PISA tool to assess the severity of seasonal influenza?,No,2024,8,35
Equatorial Guinea,Data reporting & use,FluID Reporting consistency (2023-2024),0,2024,8,61
Equatorial Guinea,Data reporting & use,FluNet Reporting Consistency (2023-2024),0,2024,8,2659
Equatorial Guinea,Data reporting & use,Has the country performed a burden of disease analysis?,No,2024,8,36
Equatorial Guinea,Data reporting & use,Was it published? If yes provide link,No,2024,8,39
Equatorial Guinea,Data reporting & use,What was the estimated burden?,N/A,2024,8,38
Equatorial Guinea,Data reporting & use,What year was it performed?,No,2024,8,37
Equatorial Guinea,Vaccination,Does the country have a formal seasonal influenza vaccination policy?,No,2024,9,40
Equatorial Guinea,Vaccination,Has seasonal influenza vaccine been introduced in the private sector?,No response,2024,9,42
Equatorial Guinea,Vaccination,Has seasonal influenza vaccine been introduced in the public sector? Year introduced;,No response,2024,9,41
Equatorial Guinea,Vaccination,What are the recommended risk groups for influenza vaccine?,No response,2024,9,43
Equatorial Guinea,Vaccination,Which vaccine formulation is used in the country: Northern/Southern hemisphere vaccine?,No response,2024,9,44
Equatorial Guinea,Pandemic preparedness and response,All Hazards,No,2024,10,50
Equatorial Guinea,Pandemic preparedness and response,COVID-19 specific,Yes 2022,2024,10,49
Equatorial Guinea,Pandemic preparedness and response,Does the country have another pandemic preparedness plan available?,Yes,2024,10,47
Equatorial Guinea,Pandemic preparedness and response,Does the country have an updated national pandemic vaccine deployment plan for Influenza pandemic vaccine,No,2024,10,53
Equatorial Guinea,Pandemic preparedness and response,Does the country have a respiratory pathogen pandemic preparedness plan (PRET)?,No,2024,10,45
Equatorial Guinea,Pandemic preparedness and response,Has the country perfomed a influenza simulation exercise(s) for their pandemic preparedness plan?,No,2024,10,51
Equatorial Guinea,Pandemic preparedness and response,Influenza specific,No,2024,10,48
Equatorial Guinea,Pandemic preparedness and response,Year plan Last updated,N/A,2024,10,46
Equatorial Guinea,Pandemic preparedness and response,Year simulation conducted,No,2024,10,52
Equatorial Guinea,Integration of Influenza surveillance and SARS-CoV-2,Does the country report SARS-CoV-2 results to the Flu Net?,No,2024,11,26
Equatorial Guinea,Integration of Influenza surveillance and SARS-CoV-2,Has the country integrated influenza and SARS-CoV-2 sentinel surveillance?,No,2024,11,54
Equatorial Guinea,Zoonotic Influenza surveillance,Does the country perform surveillance activities at the human-animal interface?,No,2024,12,56
Equatorial Guinea,Zoonotic Influenza surveillance,Has the country held an IHR (International Health Regulations) Review?,No,2024,12,17
Equatorial Guinea,Zoonotic Influenza surveillance,Has the country performed joint risk assessment?,No,2024,12,57
Equatorial Guinea,Zoonotic Influenza surveillance,"If yes, when",No,2024,12,58
Eritrea,Population and Economy,Life expectancy,67,2024,1,3
Eritrea,Population and Economy,Population,3470390,2024,1,1
Eritrea,Population and Economy,Total Health Expenditure,4.15,2024,1,2
Eritrea,Mortality per 100 000 population,All cause/all ages,1341.9,2024,2,4
Eritrea,Mortality per 1000 live births,All cause/under 5 years,36.6,2024,3,5
Eritrea,Influenza like Illness (ILI) Surveillance,Is laboratory confirmation sought for ILI sentinel surveillance,No,2024,4,8
Eritrea,Influenza like Illness (ILI) Surveillance,Numbers of ILI sentinel surveillance sites,N/A,2024,4,9
Eritrea,Influenza like Illness (ILI) Surveillance,Surveillance case definition used for ILI case ascertainment.,IDSR 3rd Edition,2024,4,7
Eritrea,Influenza like Illness (ILI) Surveillance,Type of ILI surveillance,IDSR,2024,4,6
Eritrea,Severe acute respiratory infection (SARI) surveillance,Is laboratory confirmation sought for SARI sentinel surveillance,No,2024,5,13
Eritrea,Severe acute respiratory infection (SARI) surveillance,Is there timely all-cause mortality data available in the country?,No,2024,5,15
Eritrea,Severe acute respiratory infection (SARI) surveillance,Number of SARI sentinel surveillance sites,No,2024,5,14
Eritrea,Severe acute respiratory infection (SARI) surveillance,Sentinel sites involved in SARI surveillance.,No,2024,5,11
Eritrea,Severe acute respiratory infection (SARI) surveillance,Surveillance case definition used for SARI case ascertainment.,No,2024,5,12
Eritrea,Severe acute respiratory infection (SARI) surveillance,Type of SARI surveillance,No,2024,5,10
Eritrea,Virological surveillance,Antiviral susceptibility testing capability,No,2024,6,65
Eritrea,Virological surveillance,Average number of virological samples processed per week (2024),No,2024,6,32
Eritrea,Virological surveillance,Does the country forward samples to a WHO CC?,No,2024,6,28
Eritrea,Virological surveillance,Does the country have a designated National Influenza reference laboratory?,No,2024,6,22
Eritrea,Virological surveillance,Does the country have a WHO recognized National Influenza Centre (NIC)?,No,2024,6,21
Eritrea,Virological surveillance,Does the country have genomic sequencing capacity?,No,2024,6,19
Eritrea,Virological surveillance,Does the country have RT-PCR capacity?,Yes,2024,6,18
Eritrea,Virological surveillance,Does the country test for other respiratory viruses?,No,2024,6,20
Eritrea,Virological surveillance,Does the laboratory participate in the External Quality Assurance Panel (EQAP)?,No response,2024,6,23
Eritrea,Virological surveillance,RT-PCR,No,2024,6,24
Eritrea,Virological surveillance,Sequencing capacity,No,2024,6,66
Eritrea,Virological surveillance,Type of virological surveillance,No,2024,6,16
Eritrea,Virological surveillance,Virus Isolation capacity,No,2024,6,25
Eritrea,Data reporting & use,Are epidemiological and virological sentinel surveillance datasets integrated?,No,2024,8,34
Eritrea,Data reporting & use,Does the country report to the FluID?,No,2024,8,31
Eritrea,Data reporting & use,Does the country report to the FluNet?,No,2024,8,33
Eritrea,Data reporting & use,Does the country share virus isolate and clinical specimens with WHO CC,No,2024,8,30
Eritrea,Data reporting & use,Does the country use the PISA tool to assess the severity of seasonal influenza?,No,2024,8,35
Eritrea,Data reporting & use,FluID Reporting consistency (2023-2024),0,2024,8,61
Eritrea,Data reporting & use,FluNet Reporting Consistency (2023-2024),0,2024,8,2659
Eritrea,Data reporting & use,Has the country performed a burden of disease analysis?,No,2024,8,36
Eritrea,Data reporting & use,Was it published? If yes provide link,No,2024,8,39
Eritrea,Data reporting & use,What was the estimated burden?,No,2024,8,38
Eritrea,Data reporting & use,What year was it performed?,No,2024,8,37
Eritrea,Vaccination,Does the country have a formal seasonal influenza vaccination policy?,No,2024,9,40
Eritrea,Vaccination,Has seasonal influenza vaccine been introduced in the private sector?,No response,2024,9,42
Eritrea,Vaccination,Has seasonal influenza vaccine been introduced in the public sector? Year introduced;,No response,2024,9,41
Eritrea,Vaccination,What are the recommended risk groups for influenza vaccine?,No response,2024,9,43
Eritrea,Vaccination,Which vaccine formulation is used in the country: Northern/Southern hemisphere vaccine?,No response,2024,9,44
Eritrea,Pandemic preparedness and response,All Hazards,No response,2024,10,50
Eritrea,Pandemic preparedness and response,COVID-19 specific,No response,2024,10,49
Eritrea,Pandemic preparedness and response,Does the country have another pandemic preparedness plan available?,No response,2024,10,47
Eritrea,Pandemic preparedness and response,Does the country have an updated national pandemic vaccine deployment plan for Influenza pandemic vaccine,No,2024,10,53
Eritrea,Pandemic preparedness and response,Does the country have a respiratory pathogen pandemic preparedness plan (PRET)?,No,2024,10,45
Eritrea,Pandemic preparedness and response,Has the country perfomed a influenza simulation exercise(s) for their pandemic preparedness plan?,No,2024,10,51
Eritrea,Pandemic preparedness and response,Influenza specific,No response,2024,10,48
Eritrea,Pandemic preparedness and response,Year plan Last updated,N/A,2024,10,46
Eritrea,Pandemic preparedness and response,Year simulation conducted,No,2024,10,52
Eritrea,Integration of Influenza surveillance and SARS-CoV-2,Does the country report SARS-CoV-2 results to the Flu Net?,No,2024,11,26
Eritrea,Integration of Influenza surveillance and SARS-CoV-2,Has the country integrated influenza and SARS-CoV-2 sentinel surveillance?,No,2024,11,54
Eritrea,Zoonotic Influenza surveillance,Does the country perform surveillance activities at the human-animal interface?,No,2024,12,56
Eritrea,Zoonotic Influenza surveillance,Has the country held an IHR (International Health Regulations) Review?,No,2024,12,17
Eritrea,Zoonotic Influenza surveillance,Has the country performed joint risk assessment?,No,2024,12,57
Eritrea,Zoonotic Influenza surveillance,"If yes, when",No,2024,12,58
Eswatini,Population and Economy,Life expectancy,56,2024,1,3
Eswatini,Population and Economy,Population,1230506,2024,1,1
Eswatini,Population and Economy,Total Health Expenditure,7.04,2024,1,2
Eswatini,Mortality per 100 000 population,All cause/all ages,1981.2,2024,2,4
Eswatini,Mortality per 1000 live births,All cause/under 5 years,50,2024,3,5
Eswatini,Influenza like Illness (ILI) Surveillance,Is laboratory confirmation sought for ILI sentinel surveillance,No,2024,4,8
Eswatini,Influenza like Illness (ILI) Surveillance,Numbers of ILI sentinel surveillance sites,No,2024,4,9
Eswatini,Influenza like Illness (ILI) Surveillance,Surveillance case definition used for ILI case ascertainment.,No,2024,4,7
Eswatini,Influenza like Illness (ILI) Surveillance,Type of ILI surveillance,No,2024,4,6
Eswatini,Severe acute respiratory infection (SARI) surveillance,Is laboratory confirmation sought for SARI sentinel surveillance,No,2024,5,13
Eswatini,Severe acute respiratory infection (SARI) surveillance,Is there timely all-cause mortality data available in the country?,Yes,2024,5,15
Eswatini,Severe acute respiratory infection (SARI) surveillance,Number of SARI sentinel surveillance sites,No,2024,5,14
Eswatini,Severe acute respiratory infection (SARI) surveillance,Sentinel sites involved in SARI surveillance.,None,2024,5,11
Eswatini,Severe acute respiratory infection (SARI) surveillance,Surveillance case definition used for SARI case ascertainment.,No,2024,5,12
Eswatini,Severe acute respiratory infection (SARI) surveillance,Type of SARI surveillance,No,2024,5,10
Eswatini,Virological surveillance,Antiviral susceptibility testing capability,No,2024,6,65
Eswatini,Virological surveillance,Average number of virological samples processed per week (2024),N/A,2024,6,32
Eswatini,Virological surveillance,Does the country forward samples to a WHO CC?,No,2024,6,28
Eswatini,Virological surveillance,Does the country have a designated National Influenza reference laboratory?,No,2024,6,22
Eswatini,Virological surveillance,Does the country have a WHO recognized National Influenza Centre (NIC)?,No,2024,6,21
Eswatini,Virological surveillance,Does the country have genomic sequencing capacity?,No,2024,6,19
Eswatini,Virological surveillance,Does the country have RT-PCR capacity?,Yes,2024,6,18
Eswatini,Virological surveillance,Does the country test for other respiratory viruses?,Yes,2024,6,20
Eswatini,Virological surveillance,Does the laboratory participate in the External Quality Assurance Panel (EQAP)?,No response,2024,6,23
Eswatini,Virological surveillance,RT-PCR,N/A,2024,6,24
Eswatini,Virological surveillance,Sequencing capacity,No,2024,6,66
Eswatini,Virological surveillance,Type of virological surveillance,No,2024,6,16
Eswatini,Virological surveillance,Virus Isolation capacity,No,2024,6,25
Eswatini,Data reporting & use,Are epidemiological and virological sentinel surveillance datasets integrated?,No,2024,8,34
Eswatini,Data reporting & use,Does the country report to the FluID?,No,2024,8,31
Eswatini,Data reporting & use,Does the country report to the FluNet?,No,2024,8,33
Eswatini,Data reporting & use,Does the country share virus isolate and clinical specimens with WHO CC,N/A,2024,8,30
Eswatini,Data reporting & use,Does the country use the PISA tool to assess the severity of seasonal influenza?,No,2024,8,35
Eswatini,Data reporting & use,FluID Reporting consistency (2023-2024),0,2024,8,61
Eswatini,Data reporting & use,FluNet Reporting Consistency (2023-2024),0,2024,8,2659
Eswatini,Data reporting & use,Has the country performed a burden of disease analysis?,No,2024,8,36
Eswatini,Data reporting & use,Was it published? If yes provide link,None,2024,8,39
Eswatini,Data reporting & use,What was the estimated burden?,No,2024,8,38
Eswatini,Data reporting & use,What year was it performed?,No,2024,8,37
Eswatini,Vaccination,Does the country have a formal seasonal influenza vaccination policy?,No,2024,9,40
Eswatini,Vaccination,Has seasonal influenza vaccine been introduced in the private sector?,No response,2024,9,42
Eswatini,Vaccination,Has seasonal influenza vaccine been introduced in the public sector? Year introduced;,No response,2024,9,41
Eswatini,Vaccination,What are the recommended risk groups for influenza vaccine?,No response,2024,9,43
Eswatini,Vaccination,Which vaccine formulation is used in the country: Northern/Southern hemisphere vaccine?,No response,2024,9,44
Eswatini,Pandemic preparedness and response,All Hazards,No,2024,10,50
Eswatini,Pandemic preparedness and response,COVID-19 specific,No,2024,10,49
Eswatini,Pandemic preparedness and response,Does the country have another pandemic preparedness plan available?,No,2024,10,47
Eswatini,Pandemic preparedness and response,Does the country have an updated national pandemic vaccine deployment plan for Influenza pandemic vaccine,No,2024,10,53
Eswatini,Pandemic preparedness and response,Does the country have a respiratory pathogen pandemic preparedness plan (PRET)?,No,2024,10,45
Eswatini,Pandemic preparedness and response,Has the country perfomed a influenza simulation exercise(s) for their pandemic preparedness plan?,No,2024,10,51
Eswatini,Pandemic preparedness and response,Influenza specific,No,2024,10,48
Eswatini,Pandemic preparedness and response,Year plan Last updated,No,2024,10,46
Eswatini,Pandemic preparedness and response,Year simulation conducted,N/a,2024,10,52
Eswatini,Integration of Influenza surveillance and SARS-CoV-2,Does the country report SARS-CoV-2 results to the Flu Net?,No,2024,11,26
Eswatini,Integration of Influenza surveillance and SARS-CoV-2,Has the country integrated influenza and SARS-CoV-2 sentinel surveillance?,No,2024,11,54
Eswatini,Zoonotic Influenza surveillance,Does the country perform surveillance activities at the human-animal interface?,Yes,2024,12,56
Eswatini,Zoonotic Influenza surveillance,Has the country held an IHR (International Health Regulations) Review?,No,2024,12,17
Eswatini,Zoonotic Influenza surveillance,Has the country performed joint risk assessment?,No,2024,12,57
Eswatini,Zoonotic Influenza surveillance,"If yes, when",N/A,2024,12,58
Ethiopia,Population and Economy,Life expectancy,66,2024,1,3
Ethiopia,Population and Economy,Population,128691692,2024,1,1
Ethiopia,Population and Economy,Total Health Expenditure,3.21,2024,1,2
Ethiopia,Mortality per 100 000 population,All cause/all ages,941.2,2024,2,4
Ethiopia,Mortality per 1000 live births,All cause/under 5 years,46.2,2024,3,5
Ethiopia,Influenza like Illness (ILI) Surveillance,Is laboratory confirmation sought for ILI sentinel surveillance,Yes,2024,4,8
Ethiopia,Influenza like Illness (ILI) Surveillance,Numbers of ILI sentinel surveillance sites,4,2024,4,9
Ethiopia,Influenza like Illness (ILI) Surveillance,Surveillance case definition used for ILI case ascertainment.,WHO 2014,2024,4,7
Ethiopia,Influenza like Illness (ILI) Surveillance,Type of ILI surveillance,Sentinel,2024,4,6
Ethiopia,Severe acute respiratory infection (SARI) surveillance,Is laboratory confirmation sought for SARI sentinel surveillance,Yes,2024,5,13
Ethiopia,Severe acute respiratory infection (SARI) surveillance,Is there timely all-cause mortality data available in the country?,Yes,2024,5,15
Ethiopia,Severe acute respiratory infection (SARI) surveillance,Number of SARI sentinel surveillance sites,17,2024,5,14
Ethiopia,Severe acute respiratory infection (SARI) surveillance,Sentinel sites involved in SARI surveillance.,Hospital,2024,5,11
Ethiopia,Severe acute respiratory infection (SARI) surveillance,Surveillance case definition used for SARI case ascertainment.,WHO 2014,2024,5,12
Ethiopia,Severe acute respiratory infection (SARI) surveillance,Type of SARI surveillance,Sentinel,2024,5,10
Ethiopia,Virological surveillance,Antiviral susceptibility testing capability,No,2024,6,65
Ethiopia,Virological surveillance,Average number of virological samples processed per week (2024),140,2024,6,32
Ethiopia,Virological surveillance,Does the country forward samples to a WHO CC?,Yes,2024,6,28
Ethiopia,Virological surveillance,Does the country have a designated National Influenza reference laboratory?,Yes,2024,6,22
Ethiopia,Virological surveillance,Does the country have a WHO recognized National Influenza Centre (NIC)?,Yes,2024,6,21
Ethiopia,Virological surveillance,Does the country have genomic sequencing capacity?,Yes,2024,6,19
Ethiopia,Virological surveillance,Does the country have RT-PCR capacity?,Yes,2024,6,18
Ethiopia,Virological surveillance,Does the country test for other respiratory viruses?,No response,2024,6,20
Ethiopia,Virological surveillance,Does the laboratory participate in the External Quality Assurance Panel (EQAP)?,No response,2024,6,23
Ethiopia,Virological surveillance,RT-PCR,Yes,2024,6,24
Ethiopia,Virological surveillance,Sequencing capacity,Yes,2024,6,66
Ethiopia,Virological surveillance,Type of virological surveillance,Sentinel,2024,6,16
Ethiopia,Virological surveillance,Virus Isolation capacity,No,2024,6,25
Ethiopia,Data reporting & use,Are epidemiological and virological sentinel surveillance datasets integrated?,Yes,2024,8,34
Ethiopia,Data reporting & use,Does the country report to the FluID?,Yes,2024,8,31
Ethiopia,Data reporting & use,Does the country report to the FluNet?,Yes,2024,8,33
Ethiopia,Data reporting & use,Does the country share virus isolate and clinical specimens with WHO CC,Yes,2024,8,30
Ethiopia,Data reporting & use,Does the country use the PISA tool to assess the severity of seasonal influenza?,No,2024,8,35
Ethiopia,Data reporting & use,FluNet Reporting Consistency (2023-2024),100,2024,8,2659
Ethiopia,Data reporting & use,Has the country performed a burden of disease analysis?,In progress,2024,8,36
Ethiopia,Data reporting & use,Reporting consistency (2023-2024),1,2024,8,61
Ethiopia,Data reporting & use,Was it published? If yes provide link,N/a,2024,8,39
Ethiopia,Data reporting & use,What was the estimated burden?,N/A,2024,8,38
Ethiopia,Data reporting & use,What year was it performed?,In progress,2024,8,37
Ethiopia,Vaccination,Does the country have a formal seasonal influenza vaccination policy?,No,2024,9,40
Ethiopia,Vaccination,Has seasonal influenza vaccine been introduced in the private sector?,No,2024,9,42
Ethiopia,Vaccination,Has seasonal influenza vaccine been introduced in the public sector? Year introduced;,No,2024,9,41
Ethiopia,Vaccination,What are the recommended risk groups for influenza vaccine?,No,2024,9,43
Ethiopia,Vaccination,Which vaccine formulation is used in the country: Northern/Southern hemisphere vaccine?,No,2024,9,44
Ethiopia,Pandemic preparedness and response,All Hazards,No,2024,10,50
Ethiopia,Pandemic preparedness and response,COVID-19 specific,Yes 2023,2024,10,49
Ethiopia,Pandemic preparedness and response,Does the country have another pandemic preparedness plan available?,Yes,2024,10,47
Ethiopia,Pandemic preparedness and response,Does the country have an updated national pandemic vaccine deployment plan for Influenza pandemic vaccine,No,2024,10,53
Ethiopia,Pandemic preparedness and response,Does the country have a respiratory pathogen pandemic preparedness plan (PRET)?,No,2024,10,45
Ethiopia,Pandemic preparedness and response,Has the country perfomed a influenza simulation exercise(s) for their pandemic preparedness plan?,No,2024,10,51
Ethiopia,Pandemic preparedness and response,Influenza specific,Yes 2024,2024,10,48
Ethiopia,Pandemic preparedness and response,Year plan Last updated,N/A,2024,10,46
Ethiopia,Pandemic preparedness and response,Year simulation conducted,No,2024,10,52
Ethiopia,Integration of Influenza surveillance and SARS-CoV-2,Does the country report SARS-CoV-2 results to the Flu Net?,Yes,2024,11,26
Ethiopia,Integration of Influenza surveillance and SARS-CoV-2,Has the country integrated influenza and SARS-CoV-2 sentinel surveillance?,Yes,2024,11,54
Ethiopia,Zoonotic Influenza surveillance,Does the country perform surveillance activities at the human-animal interface?,Yes,2024,12,56
Ethiopia,Zoonotic Influenza surveillance,Has the country held an IHR (International Health Regulations) Review?,Yes,2024,12,17
Ethiopia,Zoonotic Influenza surveillance,Has the country performed joint risk assessment?,Yes,2024,12,57
Ethiopia,Zoonotic Influenza surveillance,"If yes, when",2018,2024,12,58
Gabon,Population and Economy,Life expectancy,66,2024,1,3
Gabon,Population and Economy,Population,2484789,2024,1,1
Gabon,Population and Economy,Total Health Expenditure,2.71,2024,1,2
Gabon,Mortality per 100 000 population,All cause/all ages,1185.9,2024,2,4
Gabon,Mortality per 1000 live births,All cause/under 5 years,38.8,2024,3,5
Gabon,Influenza like Illness (ILI) Surveillance,Is laboratory confirmation sought for ILI sentinel surveillance,Yes,2024,4,8
Gabon,Influenza like Illness (ILI) Surveillance,Numbers of ILI sentinel surveillance sites,3,2024,4,9
Gabon,Influenza like Illness (ILI) Surveillance,Surveillance case definition used for ILI case ascertainment.,WHO 2014,2024,4,7
Gabon,Influenza like Illness (ILI) Surveillance,Type of ILI surveillance,Sentinel,2024,4,6
Gabon,Severe acute respiratory infection (SARI) surveillance,Is laboratory confirmation sought for SARI sentinel surveillance,Yes,2024,5,13
Gabon,Severe acute respiratory infection (SARI) surveillance,Is there timely all-cause mortality data available in the country?,No response,2024,5,15
Gabon,Severe acute respiratory infection (SARI) surveillance,Number of SARI sentinel surveillance sites,1,2024,5,14
Gabon,Severe acute respiratory infection (SARI) surveillance,Sentinel sites involved in SARI surveillance.,Hospital,2024,5,11
Gabon,Severe acute respiratory infection (SARI) surveillance,Surveillance case definition used for SARI case ascertainment.,WHO 2014,2024,5,12
Gabon,Severe acute respiratory infection (SARI) surveillance,Type of SARI surveillance,Sentinel,2024,5,10
Gabon,Virological surveillance,Antiviral susceptibility testing capability,No,2024,6,65
Gabon,Virological surveillance,Average number of virological samples processed per week (2024),2,2024,6,32
Gabon,Virological surveillance,Does the country forward samples to a WHO CC?,No,2024,6,28
Gabon,Virological surveillance,Does the country have a designated National Influenza reference laboratory?,Yes,2024,6,22
Gabon,Virological surveillance,Does the country have a WHO recognized National Influenza Centre (NIC)?,No,2024,6,21
Gabon,Virological surveillance,Does the country have genomic sequencing capacity?,Yes,2024,6,19
Gabon,Virological surveillance,Does the country have RT-PCR capacity?,Yes,2024,6,18
Gabon,Virological surveillance,Does the country test for other respiratory viruses?,Yes,2024,6,20
Gabon,Virological surveillance,Does the laboratory participate in the External Quality Assurance Panel (EQAP)?,Yes,2024,6,23
Gabon,Virological surveillance,RT-PCR,Yes,2024,6,24
Gabon,Virological surveillance,Sequencing capacity,No,2024,6,66
Gabon,Virological surveillance,Type of virological surveillance,Sentinel,2024,6,16
Gabon,Virological surveillance,Virus Isolation capacity,No,2024,6,25
Gabon,Data reporting & use,Are epidemiological and virological sentinel surveillance datasets integrated?,Yes,2024,8,34
Gabon,Data reporting & use,Does the country report to the FluID?,Yes,2024,8,31
Gabon,Data reporting & use,Does the country report to the FluNet?,Yes,2024,8,33
Gabon,Data reporting & use,Does the country share virus isolate and clinical specimens with WHO CC,No,2024,8,30
Gabon,Data reporting & use,Does the country use the PISA tool to assess the severity of seasonal influenza?,No,2024,8,35
Gabon,Data reporting & use,FluNet Reporting Consistency (2023-2024),91,2024,8,2659
Gabon,Data reporting & use,Has the country performed a burden of disease analysis?,No,2024,8,36
Gabon,Data reporting & use,Reporting consistency (2023-2024),0.91,2024,8,61
Gabon,Data reporting & use,Was it published? If yes provide link,No,2024,8,39
Gabon,Data reporting & use,What was the estimated burden?,N/A,2024,8,38
Gabon,Data reporting & use,What year was it performed?,No,2024,8,37
Gabon,Vaccination,Does the country have a formal seasonal influenza vaccination policy?,No,2024,9,40
Gabon,Vaccination,Has seasonal influenza vaccine been introduced in the private sector?,No,2024,9,42
Gabon,Vaccination,Has seasonal influenza vaccine been introduced in the public sector? Year introduced;,No,2024,9,41
Gabon,Vaccination,What are the recommended risk groups for influenza vaccine?,No,2024,9,43
Gabon,Vaccination,Which vaccine formulation is used in the country: Northern/Southern hemisphere vaccine?,No,2024,9,44
Gabon,Pandemic preparedness and response,All Hazards,No,2024,10,50
Gabon,Pandemic preparedness and response,COVID-19 specific,Yes,2024,10,49
Gabon,Pandemic preparedness and response,Does the country have another pandemic preparedness plan available?,Yes,2024,10,47
Gabon,Pandemic preparedness and response,Does the country have an updated national pandemic vaccine deployment plan for Influenza pandemic vaccine,No,2024,10,53
Gabon,Pandemic preparedness and response,Does the country have a respiratory pathogen pandemic preparedness plan (PRET)?,Yes,2024,10,45
Gabon,Pandemic preparedness and response,Has the country perfomed a influenza simulation exercise(s) for their pandemic preparedness plan?,No,2024,10,51
Gabon,Pandemic preparedness and response,Influenza specific,No,2024,10,48
Gabon,Pandemic preparedness and response,Year plan Last updated,2023,2024,10,46
Gabon,Pandemic preparedness and response,Year simulation conducted,No,2024,10,52
Gabon,Integration of Influenza surveillance and SARS-CoV-2,Does the country report SARS-CoV-2 results to the Flu Net?,Yes,2024,11,26
Gabon,Integration of Influenza surveillance and SARS-CoV-2,Has the country integrated influenza and SARS-CoV-2 sentinel surveillance?,Yes,2024,11,54
Gabon,Zoonotic Influenza surveillance,Does the country perform surveillance activities at the human-animal interface?,Yes,2024,12,56
Gabon,Zoonotic Influenza surveillance,Has the country held an IHR (International Health Regulations) Review?,Yes,2024,12,17
Gabon,Zoonotic Influenza surveillance,Has the country performed joint risk assessment?,No,2024,12,57
Gabon,Zoonotic Influenza surveillance,"If yes, when",2022,2024,12,58
Gambia,Population and Economy,Life expectancy,63,2024,1,3
Gambia,Population and Economy,Population,2697845,2024,1,1
Gambia,Population and Economy,Total Health Expenditure,3.19,2024,1,2
Gambia,Mortality per 100 000 population,All cause/all ages,1223.7,2024,2,4
Gambia,Mortality per 1000 live births,All cause/under 5 years,45.6,2024,3,5
Gambia,Influenza like Illness (ILI) Surveillance,Is laboratory confirmation sought for ILI sentinel surveillance,Yes,2024,4,8
Gambia,Influenza like Illness (ILI) Surveillance,Numbers of ILI sentinel surveillance sites,2,2024,4,9
Gambia,Influenza like Illness (ILI) Surveillance,Surveillance case definition used for ILI case ascertainment.,WHO 2014,2024,4,7
Gambia,Influenza like Illness (ILI) Surveillance,Type of ILI surveillance,Sentinel,2024,4,6
Gambia,Severe acute respiratory infection (SARI) surveillance,Is laboratory confirmation sought for SARI sentinel surveillance,N/A,2024,5,13
Gambia,Severe acute respiratory infection (SARI) surveillance,Is there timely all-cause mortality data available in the country?,N/A,2024,5,15
Gambia,Severe acute respiratory infection (SARI) surveillance,Number of SARI sentinel surveillance sites,N/A,2024,5,14
Gambia,Severe acute respiratory infection (SARI) surveillance,Sentinel sites involved in SARI surveillance.,N/A,2024,5,11
Gambia,Severe acute respiratory infection (SARI) surveillance,Surveillance case definition used for SARI case ascertainment.,N/A,2024,5,12
Gambia,Severe acute respiratory infection (SARI) surveillance,Type of SARI surveillance,No,2024,5,10
Gambia,Virological surveillance,Antiviral susceptibility testing capability,No,2024,6,65
Gambia,Virological surveillance,Average number of virological samples processed per week (2024),No response,2024,6,32
Gambia,Virological surveillance,Does the country forward samples to a WHO CC?,No,2024,6,28
Gambia,Virological surveillance,Does the country have a designated National Influenza reference laboratory?,Yes,2024,6,22
Gambia,Virological surveillance,Does the country have a WHO recognized National Influenza Centre (NIC)?,No,2024,6,21
Gambia,Virological surveillance,Does the country have genomic sequencing capacity?,No,2024,6,19
Gambia,Virological surveillance,Does the country have RT-PCR capacity?,Yes,2024,6,18
Gambia,Virological surveillance,Does the country test for other respiratory viruses?,Yes,2024,6,20
Gambia,Virological surveillance,Does the laboratory participate in the External Quality Assurance Panel (EQAP)?,No,2024,6,23
Gambia,Virological surveillance,RT-PCR,No,2024,6,24
Gambia,Virological surveillance,Sequencing capacity,No,2024,6,66
Gambia,Virological surveillance,Type of virological surveillance,N/A,2024,6,16
Gambia,Virological surveillance,Virus Isolation capacity,No,2024,6,25
Gambia,Data reporting & use,Are epidemiological and virological sentinel surveillance datasets integrated?,No,2024,8,34
Gambia,Data reporting & use,Does the country report to the FluID?,No,2024,8,31
Gambia,Data reporting & use,Does the country report to the FluNet?,No,2024,8,33
Gambia,Data reporting & use,Does the country share virus isolate and clinical specimens with WHO CC,No,2024,8,30
Gambia,Data reporting & use,Does the country use the PISA tool to assess the severity of seasonal influenza?,No,2024,8,35
Gambia,Data reporting & use,FluID Reporting consistency (2023-2024),No,2024,8,61
Gambia,Data reporting & use,FluNet Reporting Consistency (2023-2024),0,2024,8,2659
Gambia,Data reporting & use,Has the country performed a burden of disease analysis?,No,2024,8,36
Gambia,Data reporting & use,Was it published? If yes provide link,No,2024,8,39
Gambia,Data reporting & use,What was the estimated burden?,N/A,2024,8,38
Gambia,Data reporting & use,What year was it performed?,No,2024,8,37
Gambia,Vaccination,Does the country have a formal seasonal influenza vaccination policy?,No,2024,9,40
Gambia,Vaccination,Has seasonal influenza vaccine been introduced in the private sector?,No response,2024,9,42
Gambia,Vaccination,Has seasonal influenza vaccine been introduced in the public sector? Year introduced;,No response,2024,9,41
Gambia,Vaccination,What are the recommended risk groups for influenza vaccine?,No response,2024,9,43
Gambia,Vaccination,Which vaccine formulation is used in the country: Northern/Southern hemisphere vaccine?,No response,2024,9,44
Gambia,Pandemic preparedness and response,All Hazards,No,2024,10,50
Gambia,Pandemic preparedness and response,COVID-19 specific,Yes 2020,2024,10,49
Gambia,Pandemic preparedness and response,Does the country have another pandemic preparedness plan available?,Yes,2024,10,47
Gambia,Pandemic preparedness and response,Does the country have an updated national pandemic vaccine deployment plan for Influenza pandemic vaccine,No,2024,10,53
Gambia,Pandemic preparedness and response,Does the country have a respiratory pathogen pandemic preparedness plan (PRET)?,Yes,2024,10,45
Gambia,Pandemic preparedness and response,Has the country perfomed a influenza simulation exercise(s) for their pandemic preparedness plan?,No,2024,10,51
Gambia,Pandemic preparedness and response,Influenza specific,No,2024,10,48
Gambia,Pandemic preparedness and response,Year plan Last updated,No response,2024,10,46
Gambia,Pandemic preparedness and response,Year simulation conducted,N/A,2024,10,52
Gambia,Integration of Influenza surveillance and SARS-CoV-2,Does the country report SARS-CoV-2 results to the Flu Net?,No,2024,11,26
Gambia,Integration of Influenza surveillance and SARS-CoV-2,Has the country integrated influenza and SARS-CoV-2 sentinel surveillance?,Yes,2024,11,54
Gambia,Zoonotic Influenza surveillance,Does the country perform surveillance activities at the human-animal interface?,Yes,2024,12,56
Gambia,Zoonotic Influenza surveillance,Has the country held an IHR (International Health Regulations) Review?,Yes,2024,12,17
Gambia,Zoonotic Influenza surveillance,Has the country performed joint risk assessment?,Yes,2024,12,57
Gambia,Zoonotic Influenza surveillance,"If yes, when",2021,2024,12,58
Ghana,Population and Economy,Life expectancy,64,2024,1,3
Ghana,Population and Economy,Population,33787914,2024,1,1
Ghana,Population and Economy,Total Health Expenditure,4.15,2024,1,2
Ghana,Mortality per 100 000 population,All cause/all ages,1080.3,2024,2,4
Ghana,Mortality per 1000 live births,All cause/under 5 years,42.3,2024,3,5
Ghana,Influenza like Illness (ILI) Surveillance,Is laboratory confirmation sought for ILI sentinel surveillance,Yes,2024,4,8
Ghana,Influenza like Illness (ILI) Surveillance,Numbers of ILI sentinel surveillance sites,36,2024,4,9
Ghana,Influenza like Illness (ILI) Surveillance,Surveillance case definition used for ILI case ascertainment.,IDSR 3rd Edition,2024,4,7
Ghana,Influenza like Illness (ILI) Surveillance,Type of ILI surveillance,Sentinel,2024,4,6
Ghana,Severe acute respiratory infection (SARI) surveillance,Is laboratory confirmation sought for SARI sentinel surveillance,Yes,2024,5,13
Ghana,Severe acute respiratory infection (SARI) surveillance,Is there timely all-cause mortality data available in the country?,Yes,2024,5,15
Ghana,Severe acute respiratory infection (SARI) surveillance,Number of SARI sentinel surveillance sites,23,2024,5,14
Ghana,Severe acute respiratory infection (SARI) surveillance,Sentinel sites involved in SARI surveillance.,Hospital,2024,5,11
Ghana,Severe acute respiratory infection (SARI) surveillance,Surveillance case definition used for SARI case ascertainment.,IDSR 3rd Edition,2024,5,12
Ghana,Severe acute respiratory infection (SARI) surveillance,Type of SARI surveillance,Sentinel,2024,5,10
Ghana,Virological surveillance,Antiviral susceptibility testing capability,No,2024,6,65
Ghana,Virological surveillance,Average number of virological samples processed per week (2024),190,2024,6,32
Ghana,Virological surveillance,Does the country forward samples to a WHO CC?,Yes,2024,6,28
Ghana,Virological surveillance,Does the country have a designated National Influenza reference laboratory?,Yes,2024,6,22
Ghana,Virological surveillance,Does the country have a WHO recognized National Influenza Centre (NIC)?,Yes,2024,6,21
Ghana,Virological surveillance,Does the country have genomic sequencing capacity?,Yes,2024,6,19
Ghana,Virological surveillance,Does the country have RT-PCR capacity?,Yes,2024,6,18
Ghana,Virological surveillance,Does the country test for other respiratory viruses?,Yes,2024,6,20
Ghana,Virological surveillance,Does the laboratory participate in the External Quality Assurance Panel (EQAP)?,Yes,2024,6,23
Ghana,Virological surveillance,RT-PCR,Yes,2024,6,24
Ghana,Virological surveillance,Sequencing capacity,Yes,2024,6,66
Ghana,Virological surveillance,Type of virological surveillance,Sentinel,2024,6,16
Ghana,Virological surveillance,Virus Isolation capacity,Yes,2024,6,25
Ghana,Data reporting & use,Are epidemiological and virological sentinel surveillance datasets integrated?,Yes,2024,8,34
Ghana,Data reporting & use,Does the country report to the FluID?,No,2024,8,31
Ghana,Data reporting & use,Does the country report to the FluNet?,Yes,2024,8,33
Ghana,Data reporting & use,Does the country share virus isolate and clinical specimens with WHO CC,Yes,2024,8,30
Ghana,Data reporting & use,Does the country use the PISA tool to assess the severity of seasonal influenza?,No,2024,8,35
Ghana,Data reporting & use,FluNet Reporting Consistency (2023-2024),100,2024,8,2659
Ghana,Data reporting & use,Has the country performed a burden of disease analysis?,Yes,2024,8,36
Ghana,Data reporting & use,Reporting consistency (2023-2024),1,2024,8,61
Ghana,Data reporting & use,Was it published? If yes provide link,https://pubmed.ncbi.nlm.nih.gov/28991406/,2024,8,39
Ghana,Data reporting & use,What was the estimated burden?,N/A,2024,8,38
Ghana,Data reporting & use,What year was it performed?,2015,2024,8,37
Ghana,Vaccination,Does the country have a formal seasonal influenza vaccination policy?,No,2024,9,40
Ghana,Vaccination,Has seasonal influenza vaccine been introduced in the private sector?,No,2024,9,42
Ghana,Vaccination,Has seasonal influenza vaccine been introduced in the public sector? Year introduced;,No,2024,9,41
Ghana,Vaccination,What are the recommended risk groups for influenza vaccine?,No response,2024,9,43
Ghana,Vaccination,Which vaccine formulation is used in the country: Northern/Southern hemisphere vaccine?,No response,2024,9,44
Ghana,Pandemic preparedness and response,All Hazards,In progress,2024,10,50
Ghana,Pandemic preparedness and response,COVID-19 specific,Yes,2024,10,49
Ghana,Pandemic preparedness and response,Does the country have another pandemic preparedness plan available?,No response,2024,10,47
Ghana,Pandemic preparedness and response,Does the country have an updated national pandemic vaccine deployment plan for Influenza pandemic vaccine,No,2024,10,53
Ghana,Pandemic preparedness and response,Does the country have a respiratory pathogen pandemic preparedness plan (PRET)?,In progress,2024,10,45
Ghana,Pandemic preparedness and response,Has the country perfomed a influenza simulation exercise(s) for their pandemic preparedness plan?,No,2024,10,51
Ghana,Pandemic preparedness and response,Influenza specific,No,2024,10,48
Ghana,Pandemic preparedness and response,Year plan Last updated,Draft,2024,10,46
Ghana,Pandemic preparedness and response,Year simulation conducted,N/A,2024,10,52
Ghana,Integration of Influenza surveillance and SARS-CoV-2,Does the country report SARS-CoV-2 results to the Flu Net?,Yes,2024,11,26
Ghana,Integration of Influenza surveillance and SARS-CoV-2,Has the country integrated influenza and SARS-CoV-2 sentinel surveillance?,Yes,2024,11,54
Ghana,Zoonotic Influenza surveillance,Does the country perform surveillance activities at the human-animal interface?,Yes,2024,12,56
Ghana,Zoonotic Influenza surveillance,Has the country held an IHR (International Health Regulations) Review?,Yes,2024,12,17
Ghana,Zoonotic Influenza surveillance,Has the country performed joint risk assessment?,Yes,2024,12,57
Ghana,Zoonotic Influenza surveillance,"If yes, when",2022,2024,12,58
Guinea,Population and Economy,Life expectancy,59,2024,1,3
Guinea,Population and Economy,Population,14405468,2024,1,1
Guinea,Population and Economy,Total Health Expenditure,3.76,2024,1,2
Guinea,Mortality per 100 000 population,All cause/all ages,1235.7,2024,2,4
Guinea,Mortality per 1000 live births,All cause/under 5 years,96,2024,3,5
Guinea,Influenza like Illness (ILI) Surveillance,Is laboratory confirmation sought for ILI sentinel surveillance,Yes,2024,4,8
Guinea,Influenza like Illness (ILI) Surveillance,Numbers of ILI sentinel surveillance sites,4,2024,4,9
Guinea,Influenza like Illness (ILI) Surveillance,Surveillance case definition used for ILI case ascertainment.,WHO 2014,2024,4,7
Guinea,Influenza like Illness (ILI) Surveillance,Type of ILI surveillance,Sentinel,2024,4,6
Guinea,Severe acute respiratory infection (SARI) surveillance,Is laboratory confirmation sought for SARI sentinel surveillance,Yes,2024,5,13
Guinea,Severe acute respiratory infection (SARI) surveillance,Is there timely all-cause mortality data available in the country?,Yes,2024,5,15
Guinea,Severe acute respiratory infection (SARI) surveillance,Number of SARI sentinel surveillance sites,6,2024,5,14
Guinea,Severe acute respiratory infection (SARI) surveillance,Sentinel sites involved in SARI surveillance.,Hospital,2024,5,11
Guinea,Severe acute respiratory infection (SARI) surveillance,Surveillance case definition used for SARI case ascertainment.,WHO 2014,2024,5,12
Guinea,Severe acute respiratory infection (SARI) surveillance,Type of SARI surveillance,Yes,2024,5,10
Guinea,Virological surveillance,Antiviral susceptibility testing capability,No,2024,6,65
Guinea,Virological surveillance,Average number of virological samples processed per week (2024),29,2024,6,32
Guinea,Virological surveillance,Does the country forward samples to a WHO CC?,Yes,2024,6,28
Guinea,Virological surveillance,Does the country have a designated National Influenza reference laboratory?,Yes,2024,6,22
Guinea,Virological surveillance,Does the country have a WHO recognized National Influenza Centre (NIC)?,No,2024,6,21
Guinea,Virological surveillance,Does the country have genomic sequencing capacity?,Yes,2024,6,19
Guinea,Virological surveillance,Does the country have RT-PCR capacity?,Yes,2024,6,18
Guinea,Virological surveillance,Does the country test for other respiratory viruses?,Yes,2024,6,20
Guinea,Virological surveillance,Does the laboratory participate in the External Quality Assurance Panel (EQAP)?,Yes,2024,6,23
Guinea,Virological surveillance,RT-PCR,Yes,2024,6,24
Guinea,Virological surveillance,Sequencing capacity,Yes,2024,6,66
Guinea,Virological surveillance,Type of virological surveillance,Sentinel,2024,6,16
Guinea,Virological surveillance,Virus Isolation capacity,No,2024,6,25
Guinea,Data reporting & use,Are epidemiological and virological sentinel surveillance datasets integrated?,Yes,2024,8,34
Guinea,Data reporting & use,Does the country report to the FluID?,Yes,2024,8,31
Guinea,Data reporting & use,Does the country report to the FluNet?,Yes,2024,8,33
Guinea,Data reporting & use,Does the country share virus isolate and clinical specimens with WHO CC,Yes,2024,8,30
Guinea,Data reporting & use,Does the country use the PISA tool to assess the severity of seasonal influenza?,No,2024,8,35
Guinea,Data reporting & use,FluNet Reporting Consistency (2023-2024),89,2024,8,2659
Guinea,Data reporting & use,Has the country performed a burden of disease analysis?,In progress,2024,8,36
Guinea,Data reporting & use,Reporting consistency (2023-2024),0.89,2024,8,61
Guinea,Data reporting & use,Was it published? If yes provide link,No,2024,8,39
Guinea,Data reporting & use,What was the estimated burden?,N/A,2024,8,38
Guinea,Data reporting & use,What year was it performed?,No,2024,8,37
Guinea,Vaccination,Does the country have a formal seasonal influenza vaccination policy?,No,2024,9,40
Guinea,Vaccination,Has seasonal influenza vaccine been introduced in the private sector?,No response,2024,9,42
Guinea,Vaccination,Has seasonal influenza vaccine been introduced in the public sector? Year introduced;,No response,2024,9,41
Guinea,Vaccination,What are the recommended risk groups for influenza vaccine?,No response,2024,9,43
Guinea,Vaccination,Which vaccine formulation is used in the country: Northern/Southern hemisphere vaccine?,No response,2024,9,44
Guinea,Pandemic preparedness and response,All Hazards,No,2024,10,50
Guinea,Pandemic preparedness and response,COVID-19 specific,Yes,2024,10,49
Guinea,Pandemic preparedness and response,Does the country have another pandemic preparedness plan available?,Yes,2024,10,47
Guinea,Pandemic preparedness and response,Does the country have an updated national pandemic vaccine deployment plan for Influenza pandemic vaccine,No,2024,10,53
Guinea,Pandemic preparedness and response,Does the country have a respiratory pathogen pandemic preparedness plan (PRET)?,In progress,2024,10,45
Guinea,Pandemic preparedness and response,Has the country perfomed a influenza simulation exercise(s) for their pandemic preparedness plan?,No,2024,10,51
Guinea,Pandemic preparedness and response,Influenza specific,Yes 2019,2024,10,48
Guinea,Pandemic preparedness and response,Year plan Last updated,Draft,2024,10,46
Guinea,Pandemic preparedness and response,Year simulation conducted,No,2024,10,52
Guinea,Integration of Influenza surveillance and SARS-CoV-2,Does the country report SARS-CoV-2 results to the Flu Net?,Yes,2024,11,26
Guinea,Integration of Influenza surveillance and SARS-CoV-2,Has the country integrated influenza and SARS-CoV-2 sentinel surveillance?,Yes,2024,11,54
Guinea,Zoonotic Influenza surveillance,Does the country perform surveillance activities at the human-animal interface?,Yes,2024,12,56
Guinea,Zoonotic Influenza surveillance,Has the country held an IHR (International Health Regulations) Review?,Yes,2024,12,17
Guinea,Zoonotic Influenza surveillance,Has the country performed joint risk assessment?,Yes,2024,12,57
Guinea,Zoonotic Influenza surveillance,"If yes, when",2018,2024,12,58
Guinea-Bissau,Population and Economy,Life expectancy,60,2024,1,3
Guinea-Bissau,Population and Economy,Population,2153339,2024,1,1
Guinea-Bissau,Population and Economy,Total Health Expenditure,8.22,2024,1,2
Guinea-Bissau,Mortality per 100 000 population,All cause/all ages,1590.2,2024,2,4
Guinea-Bissau,Mortality per 1000 live births,All cause/under 5 years,71.9,2024,3,5
Guinea-Bissau,Influenza like Illness (ILI) Surveillance,Is laboratory confirmation sought for ILI sentinel surveillance,No,2024,4,8
Guinea-Bissau,Influenza like Illness (ILI) Surveillance,Numbers of ILI sentinel surveillance sites,0,2024,4,9
Guinea-Bissau,Influenza like Illness (ILI) Surveillance,Surveillance case definition used for ILI case ascertainment.,IDSR 3rd Edition,2024,4,7
Guinea-Bissau,Influenza like Illness (ILI) Surveillance,Type of ILI surveillance,IDSR,2024,4,6
Guinea-Bissau,Severe acute respiratory infection (SARI) surveillance,Is laboratory confirmation sought for SARI sentinel surveillance,No,2024,5,13
Guinea-Bissau,Severe acute respiratory infection (SARI) surveillance,Is there timely all-cause mortality data available in the country?,Yes,2024,5,15
Guinea-Bissau,Severe acute respiratory infection (SARI) surveillance,Number of SARI sentinel surveillance sites,0,2024,5,14
Guinea-Bissau,Severe acute respiratory infection (SARI) surveillance,Sentinel sites involved in SARI surveillance.,Hospital,2024,5,11
Guinea-Bissau,Severe acute respiratory infection (SARI) surveillance,Surveillance case definition used for SARI case ascertainment.,IDSR 3rd Edition,2024,5,12
Guinea-Bissau,Severe acute respiratory infection (SARI) surveillance,Type of SARI surveillance,IDSR,2024,5,10
Guinea-Bissau,Virological surveillance,Antiviral susceptibility testing capability,No,2024,6,65
Guinea-Bissau,Virological surveillance,Average number of virological samples processed per week (2024),N/A,2024,6,32
Guinea-Bissau,Virological surveillance,Does the country forward samples to a WHO CC?,No,2024,6,28
Guinea-Bissau,Virological surveillance,Does the country have a designated National Influenza reference laboratory?,No,2024,6,22
Guinea-Bissau,Virological surveillance,Does the country have a WHO recognized National Influenza Centre (NIC)?,No,2024,6,21
Guinea-Bissau,Virological surveillance,Does the country have genomic sequencing capacity?,No,2024,6,19
Guinea-Bissau,Virological surveillance,Does the country have RT-PCR capacity?,Yes,2024,6,18
Guinea-Bissau,Virological surveillance,Does the country test for other respiratory viruses?,No,2024,6,20
Guinea-Bissau,Virological surveillance,Does the laboratory participate in the External Quality Assurance Panel (EQAP)?,Yes,2024,6,23
Guinea-Bissau,Virological surveillance,RT-PCR,No,2024,6,24
Guinea-Bissau,Virological surveillance,Sequencing capacity,No,2024,6,66
Guinea-Bissau,Virological surveillance,Type of virological surveillance,Laboratory,2024,6,16
Guinea-Bissau,Virological surveillance,Virus Isolation capacity,No,2024,6,25
Guinea-Bissau,Data reporting & use,Are epidemiological and virological sentinel surveillance datasets integrated?,No,2024,8,34
Guinea-Bissau,Data reporting & use,Does the country report to the FluID?,No,2024,8,31
Guinea-Bissau,Data reporting & use,Does the country report to the FluNet?,No,2024,8,33
Guinea-Bissau,Data reporting & use,Does the country share virus isolate and clinical specimens with WHO CC,No,2024,8,30
Guinea-Bissau,Data reporting & use,Does the country use the PISA tool to assess the severity of seasonal influenza?,No,2024,8,35
Guinea-Bissau,Data reporting & use,FluID Reporting consistency (2023-2024),No,2024,8,61
Guinea-Bissau,Data reporting & use,FluNet Reporting Consistency (2023-2024),0,2024,8,2659
Guinea-Bissau,Data reporting & use,Has the country performed a burden of disease analysis?,No,2024,8,36
Guinea-Bissau,Data reporting & use,Was it published? If yes provide link,No,2024,8,39
Guinea-Bissau,Data reporting & use,What was the estimated burden?,No,2024,8,38
Guinea-Bissau,Data reporting & use,What year was it performed?,No,2024,8,37
Guinea-Bissau,Vaccination,Does the country have a formal seasonal influenza vaccination policy?,No,2024,9,40
Guinea-Bissau,Vaccination,Has seasonal influenza vaccine been introduced in the private sector?,No,2024,9,42
Guinea-Bissau,Vaccination,Has seasonal influenza vaccine been introduced in the public sector? Year introduced;,No,2024,9,41
Guinea-Bissau,Vaccination,What are the recommended risk groups for influenza vaccine?,No,2024,9,43
Guinea-Bissau,Vaccination,Which vaccine formulation is used in the country: Northern/Southern hemisphere vaccine?,No,2024,9,44
Guinea-Bissau,Pandemic preparedness and response,All Hazards,No response,2024,10,50
Guinea-Bissau,Pandemic preparedness and response,COVID-19 specific,Yes 2022,2024,10,49
Guinea-Bissau,Pandemic preparedness and response,Does the country have another pandemic preparedness plan available?,Yes,2024,10,47
Guinea-Bissau,Pandemic preparedness and response,Does the country have an updated national pandemic vaccine deployment plan for Influenza pandemic vaccine,No,2024,10,53
Guinea-Bissau,Pandemic preparedness and response,Does the country have a respiratory pathogen pandemic preparedness plan (PRET)?,No,2024,10,45
Guinea-Bissau,Pandemic preparedness and response,Has the country perfomed a influenza simulation exercise(s) for their pandemic preparedness plan?,No,2024,10,51
Guinea-Bissau,Pandemic preparedness and response,Influenza specific,No,2024,10,48
Guinea-Bissau,Pandemic preparedness and response,Year plan Last updated,N/A,2024,10,46
Guinea-Bissau,Pandemic preparedness and response,Year simulation conducted,N/a,2024,10,52
Guinea-Bissau,Integration of Influenza surveillance and SARS-CoV-2,Does the country report SARS-CoV-2 results to the Flu Net?,No,2024,11,26
Guinea-Bissau,Integration of Influenza surveillance and SARS-CoV-2,Has the country integrated influenza and SARS-CoV-2 sentinel surveillance?,No,2024,11,54
Guinea-Bissau,Zoonotic Influenza surveillance,Does the country perform surveillance activities at the human-animal interface?,Yes,2024,12,56
Guinea-Bissau,Zoonotic Influenza surveillance,Has the country held an IHR (International Health Regulations) Review?,No,2024,12,17
Guinea-Bissau,Zoonotic Influenza surveillance,Has the country performed joint risk assessment?,No,2024,12,57
Guinea-Bissau,Zoonotic Influenza surveillance,"If yes, when",No,2024,12,58
Kenya,Population and Economy,Life expectancy,62,2024,1,3
Kenya,Population and Economy,Population,55339003,2024,1,1
Kenya,Population and Economy,Total Health Expenditure,4.55,2024,1,2
Kenya,Mortality per 100 000 population,All cause/all ages,1076.7,2024,2,4
Kenya,Mortality per 1000 live births,All cause/under 5 years,41.1,2024,3,5
Kenya,Influenza like Illness (ILI) Surveillance,Is laboratory confirmation sought for ILI sentinel surveillance,Yes,2024,4,8
Kenya,Influenza like Illness (ILI) Surveillance,Numbers of ILI sentinel surveillance sites,9,2024,4,9
Kenya,Influenza like Illness (ILI) Surveillance,Surveillance case definition used for ILI case ascertainment.,WHO 2014,2024,4,7
Kenya,Influenza like Illness (ILI) Surveillance,Type of ILI surveillance,Sentinel,2024,4,6
Kenya,Severe acute respiratory infection (SARI) surveillance,Is laboratory confirmation sought for SARI sentinel surveillance,Yes,2024,5,13
Kenya,Severe acute respiratory infection (SARI) surveillance,Is there timely all-cause mortality data available in the country?,Yes,2024,5,15
Kenya,Severe acute respiratory infection (SARI) surveillance,Number of SARI sentinel surveillance sites,9,2024,5,14
Kenya,Severe acute respiratory infection (SARI) surveillance,Sentinel sites involved in SARI surveillance.,Hospital,2024,5,11
Kenya,Severe acute respiratory infection (SARI) surveillance,Surveillance case definition used for SARI case ascertainment.,WHO 2014,2024,5,12
Kenya,Severe acute respiratory infection (SARI) surveillance,Type of SARI surveillance,Sentinel,2024,5,10
Kenya,Virological surveillance,Antiviral susceptibility testing capability,No,2024,6,65
Kenya,Virological surveillance,Average number of virological samples processed per week (2024),86,2024,6,32
Kenya,Virological surveillance,Does the country forward samples to a WHO CC?,Yes,2024,6,28
Kenya,Virological surveillance,Does the country have a designated National Influenza reference laboratory?,Yes,2024,6,22
Kenya,Virological surveillance,Does the country have a WHO recognized National Influenza Centre (NIC)?,Yes,2024,6,21
Kenya,Virological surveillance,Does the country have genomic sequencing capacity?,Yes,2024,6,19
Kenya,Virological surveillance,Does the country have RT-PCR capacity?,Yes,2024,6,18
Kenya,Virological surveillance,Does the country test for other respiratory viruses?,Yes,2024,6,20
Kenya,Virological surveillance,Does the laboratory participate in the External Quality Assurance Panel (EQAP)?,Yes,2024,6,23
Kenya,Virological surveillance,RT-PCR,Yes,2024,6,24
Kenya,Virological surveillance,Sequencing capacity,Yes,2024,6,66
Kenya,Virological surveillance,Type of virological surveillance,Sentinel,2024,6,16
Kenya,Virological surveillance,Virus Isolation capacity,Yes,2024,6,25
Kenya,Data reporting & use,Are epidemiological and virological sentinel surveillance datasets integrated?,Yes,2024,8,34
Kenya,Data reporting & use,Does the country report to the FluID?,Yes,2024,8,31
Kenya,Data reporting & use,Does the country report to the FluNet?,Yes,2024,8,33
Kenya,Data reporting & use,Does the country share virus isolate and clinical specimens with WHO CC,Yes,2024,8,30
Kenya,Data reporting & use,Does the country use the PISA tool to assess the severity of seasonal influenza?,No,2024,8,35
Kenya,Data reporting & use,FluNet Reporting Consistency (2023-2024),100,2024,8,2659
Kenya,Data reporting & use,Has the country performed a burden of disease analysis?,Yes,2024,8,36
Kenya,Data reporting & use,Reporting consistency (2023-2024),1,2024,8,61
Kenya,Data reporting & use,Was it published? If yes provide link,"https://pubmed.ncbi.nlm.nih.gov/23169973/
https://pubmed.ncbi.nlm.nih.gov/23573177/
https://pubmed.ncbi.nlm.nih.gov/25133576/",2024,8,39
Kenya,Data reporting & use,What was the estimated burden?,N/A,2024,8,38
Kenya,Data reporting & use,What year was it performed?,N/A,2024,8,37
Kenya,Vaccination,Does the country have a formal seasonal influenza vaccination policy?,Yes,2024,9,40
Kenya,Vaccination,Has seasonal influenza vaccine been introduced in the private sector?,Yes,2024,9,42
Kenya,Vaccination,Has seasonal influenza vaccine been introduced in the public sector? Year introduced;,Yes,2024,9,41
Kenya,Vaccination,What are the recommended risk groups for influenza vaccine?,No,2024,9,43
Kenya,Vaccination,Which vaccine formulation is used in the country: Northern/Southern hemisphere vaccine?,No response,2024,9,44
Kenya,Pandemic preparedness and response,All Hazards,No response,2024,10,50
Kenya,Pandemic preparedness and response,COVID-19 specific,Yes 2020,2024,10,49
Kenya,Pandemic preparedness and response,Does the country have another pandemic preparedness plan available?,Yes,2024,10,47
Kenya,Pandemic preparedness and response,Does the country have an updated national pandemic vaccine deployment plan for Influenza pandemic vaccine,No,2024,10,53
Kenya,Pandemic preparedness and response,Does the country have a respiratory pathogen pandemic preparedness plan (PRET)?,In progress,2024,10,45
Kenya,Pandemic preparedness and response,Has the country perfomed a influenza simulation exercise(s) for their pandemic preparedness plan?,No,2024,10,51
Kenya,Pandemic preparedness and response,Influenza specific,No,2024,10,48
Kenya,Pandemic preparedness and response,Year plan Last updated,Draft,2024,10,46
Kenya,Pandemic preparedness and response,Year simulation conducted,N/a,2024,10,52
Kenya,Integration of Influenza surveillance and SARS-CoV-2,Does the country report SARS-CoV-2 results to the Flu Net?,Yes,2024,11,26
Kenya,Integration of Influenza surveillance and SARS-CoV-2,Has the country integrated influenza and SARS-CoV-2 sentinel surveillance?,Yes,2024,11,54
Kenya,Zoonotic Influenza surveillance,Does the country perform surveillance activities at the human-animal interface?,No,2024,12,56
Kenya,Zoonotic Influenza surveillance,Has the country held an IHR (International Health Regulations) Review?,Yes,2024,12,17
Kenya,Zoonotic Influenza surveillance,Has the country performed joint risk assessment?,Yes,2024,12,57
Kenya,Zoonotic Influenza surveillance,"If yes, when",2021,2024,12,58
Lesotho,Population and Economy,Life expectancy,53,2024,1,3
Lesotho,Population and Economy,Population,2311472,2024,1,1
Lesotho,Population and Economy,Total Health Expenditure,10.21,2024,1,2
Lesotho,Mortality per 100 000 population,All cause/all ages,2255.5,2024,2,4
Lesotho,Mortality per 1000 live births,All cause/under 5 years,72.2,2024,3,5
Lesotho,Influenza like Illness (ILI) Surveillance,Is laboratory confirmation sought for ILI sentinel surveillance,Yes,2024,4,8
Lesotho,Influenza like Illness (ILI) Surveillance,Numbers of ILI sentinel surveillance sites,1,2024,4,9
Lesotho,Influenza like Illness (ILI) Surveillance,Surveillance case definition used for ILI case ascertainment.,IDSR 3rd Edition,2024,4,7
Lesotho,Influenza like Illness (ILI) Surveillance,Type of ILI surveillance,Sentinel,2024,4,6
Lesotho,Severe acute respiratory infection (SARI) surveillance,Is laboratory confirmation sought for SARI sentinel surveillance,Yes,2024,5,13
Lesotho,Severe acute respiratory infection (SARI) surveillance,Is there timely all-cause mortality data available in the country?,No response,2024,5,15
Lesotho,Severe acute respiratory infection (SARI) surveillance,Number of SARI sentinel surveillance sites,1,2024,5,14
Lesotho,Severe acute respiratory infection (SARI) surveillance,Sentinel sites involved in SARI surveillance.,Hospital,2024,5,11
Lesotho,Severe acute respiratory infection (SARI) surveillance,Surveillance case definition used for SARI case ascertainment.,IDSR 3rd Edition,2024,5,12
Lesotho,Severe acute respiratory infection (SARI) surveillance,Type of SARI surveillance,IDSR,2024,5,10
Lesotho,Virological surveillance,Antiviral susceptibility testing capability,N/A,2024,6,65
Lesotho,Virological surveillance,Average number of virological samples processed per week (2024),0,2024,6,32
Lesotho,Virological surveillance,Does the country forward samples to a WHO CC?,No,2024,6,28
Lesotho,Virological surveillance,Does the country have a designated National Influenza reference laboratory?,No,2024,6,22
Lesotho,Virological surveillance,Does the country have a WHO recognized National Influenza Centre (NIC)?,No,2024,6,21
Lesotho,Virological surveillance,Does the country have genomic sequencing capacity?,Yes,2024,6,19
Lesotho,Virological surveillance,Does the country have RT-PCR capacity?,Yes,2024,6,18
Lesotho,Virological surveillance,Does the country test for other respiratory viruses?,Yes,2024,6,20
Lesotho,Virological surveillance,Does the laboratory participate in the External Quality Assurance Panel (EQAP)?,Yes,2024,6,23
Lesotho,Virological surveillance,RT-PCR,N/A,2024,6,24
Lesotho,Virological surveillance,Sequencing capacity,N/A,2024,6,66
Lesotho,Virological surveillance,Type of virological surveillance,N/A,2024,6,16
Lesotho,Virological surveillance,Virus Isolation capacity,N/A,2024,6,25
Lesotho,Data reporting & use,Are epidemiological and virological sentinel surveillance datasets integrated?,No,2024,8,34
Lesotho,Data reporting & use,Does the country report to the FluID?,No,2024,8,31
Lesotho,Data reporting & use,Does the country report to the FluNet?,No,2024,8,33
Lesotho,Data reporting & use,Does the country share virus isolate and clinical specimens with WHO CC,No,2024,8,30
Lesotho,Data reporting & use,Does the country use the PISA tool to assess the severity of seasonal influenza?,No,2024,8,35
Lesotho,Data reporting & use,FluNet Reporting Consistency (2023-2024),0,2024,8,2659
Lesotho,Data reporting & use,Has the country performed a burden of disease analysis?,No,2024,8,36
Lesotho,Data reporting & use,Reporting consistency (2023-2024),No,2024,8,61
Lesotho,Data reporting & use,Was it published? If yes provide link,No,2024,8,39
Lesotho,Data reporting & use,What was the estimated burden?,No,2024,8,38
Lesotho,Data reporting & use,What year was it performed?,No,2024,8,37
Lesotho,Vaccination,Does the country have a formal seasonal influenza vaccination policy?,No,2024,9,40
Lesotho,Vaccination,Has seasonal influenza vaccine been introduced in the private sector?,No,2024,9,42
Lesotho,Vaccination,Has seasonal influenza vaccine been introduced in the public sector? Year introduced;,No,2024,9,41
Lesotho,Vaccination,What are the recommended risk groups for influenza vaccine?,No,2024,9,43
Lesotho,Vaccination,Which vaccine formulation is used in the country: Northern/Southern hemisphere vaccine?,No,2024,9,44
Lesotho,Pandemic preparedness and response,All Hazards,Yes,2024,10,50
Lesotho,Pandemic preparedness and response,COVID-19 specific,Yes,2024,10,49
Lesotho,Pandemic preparedness and response,Does the country have another pandemic preparedness plan available?,Yes,2024,10,47
Lesotho,Pandemic preparedness and response,Does the country have an updated national pandemic vaccine deployment plan for Influenza pandemic vaccine,No,2024,10,53
Lesotho,Pandemic preparedness and response,Does the country have a respiratory pathogen pandemic preparedness plan (PRET)?,No,2024,10,45
Lesotho,Pandemic preparedness and response,Has the country perfomed a influenza simulation exercise(s) for their pandemic preparedness plan?,No,2024,10,51
Lesotho,Pandemic preparedness and response,Influenza specific,Yes,2024,10,48
Lesotho,Pandemic preparedness and response,Year plan Last updated,No,2024,10,46
Lesotho,Pandemic preparedness and response,Year simulation conducted,No,2024,10,52
Lesotho,Integration of Influenza surveillance and SARS-CoV-2,Does the country report SARS-CoV-2 results to the Flu Net?,No,2024,11,26
Lesotho,Integration of Influenza surveillance and SARS-CoV-2,Has the country integrated influenza and SARS-CoV-2 sentinel surveillance?,No,2024,11,54
Lesotho,Zoonotic Influenza surveillance,Does the country perform surveillance activities at the human-animal interface?,Yes,2024,12,56
Lesotho,Zoonotic Influenza surveillance,Has the country held an IHR (International Health Regulations) Review?,No,2024,12,17
Lesotho,Zoonotic Influenza surveillance,Has the country performed joint risk assessment?,No,2024,12,57
Lesotho,Zoonotic Influenza surveillance,"If yes, when",No,2024,12,58
Liberia,Population and Economy,Life expectancy,61,2024,1,3
Liberia,Population and Economy,Population,5493031,2024,1,1
Liberia,Population and Economy,Total Health Expenditure,16.62,2024,1,2
Liberia,Mortality per 100 000 population,All cause/all ages,1136.6,2024,2,4
Liberia,Mortality per 1000 live births,All cause/under 5 years,73.2,2024,3,5
Liberia,Influenza like Illness (ILI) Surveillance,Is laboratory confirmation sought for ILI sentinel surveillance,Yes,2024,4,8
Liberia,Influenza like Illness (ILI) Surveillance,Numbers of ILI sentinel surveillance sites,4,2024,4,9
Liberia,Influenza like Illness (ILI) Surveillance,Surveillance case definition used for ILI case ascertainment.,IDSR 3rd Edition,2024,4,7
Liberia,Influenza like Illness (ILI) Surveillance,Type of ILI surveillance,Sentinel,2024,4,6
Liberia,Severe acute respiratory infection (SARI) surveillance,Is laboratory confirmation sought for SARI sentinel surveillance,Yes,2024,5,13
Liberia,Severe acute respiratory infection (SARI) surveillance,Is there timely all-cause mortality data available in the country?,Yes,2024,5,15
Liberia,Severe acute respiratory infection (SARI) surveillance,Number of SARI sentinel surveillance sites,4,2024,5,14
Liberia,Severe acute respiratory infection (SARI) surveillance,Sentinel sites involved in SARI surveillance.,Hospital,2024,5,11
Liberia,Severe acute respiratory infection (SARI) surveillance,Surveillance case definition used for SARI case ascertainment.,IDSR 3rd Edition,2024,5,12
Liberia,Severe acute respiratory infection (SARI) surveillance,Type of SARI surveillance,Sentinel,2024,5,10
Liberia,Virological surveillance,Antiviral susceptibility testing capability,No,2024,6,65
Liberia,Virological surveillance,Average number of virological samples processed per week (2024),3,2024,6,32
Liberia,Virological surveillance,Does the country forward samples to a WHO CC?,No,2024,6,28
Liberia,Virological surveillance,Does the country have a designated National Influenza reference laboratory?,Yes,2024,6,22
Liberia,Virological surveillance,Does the country have a WHO recognized National Influenza Centre (NIC)?,No,2024,6,21
Liberia,Virological surveillance,Does the country have genomic sequencing capacity?,No,2024,6,19
Liberia,Virological surveillance,Does the country have RT-PCR capacity?,Yes,2024,6,18
Liberia,Virological surveillance,Does the country test for other respiratory viruses?,Yes,2024,6,20
Liberia,Virological surveillance,Does the laboratory participate in the External Quality Assurance Panel (EQAP)?,Yes,2024,6,23
Liberia,Virological surveillance,RT-PCR,Yes,2024,6,24
Liberia,Virological surveillance,Sequencing capacity,No,2024,6,66
Liberia,Virological surveillance,Type of virological surveillance,Sentinel,2024,6,16
Liberia,Virological surveillance,Virus Isolation capacity,No,2024,6,25
Liberia,Data reporting & use,Are epidemiological and virological sentinel surveillance datasets integrated?,No,2024,8,34
Liberia,Data reporting & use,Does the country report to the FluID?,No,2024,8,31
Liberia,Data reporting & use,Does the country report to the FluNet?,Yes,2024,8,33
Liberia,Data reporting & use,Does the country share virus isolate and clinical specimens with WHO CC,No,2024,8,30
Liberia,Data reporting & use,Does the country use the PISA tool to assess the severity of seasonal influenza?,No,2024,8,35
Liberia,Data reporting & use,FluNet Reporting Consistency (2023-2024),86,2024,8,2659
Liberia,Data reporting & use,Has the country performed a burden of disease analysis?,No,2024,8,36
Liberia,Data reporting & use,Reporting consistency (2023-2024),0.86,2024,8,61
Liberia,Data reporting & use,Was it published? If yes provide link,N/A,2024,8,39
Liberia,Data reporting & use,What was the estimated burden?,N/A,2024,8,38
Liberia,Data reporting & use,What year was it performed?,N/A,2024,8,37
Liberia,Vaccination,Does the country have a formal seasonal influenza vaccination policy?,No,2024,9,40
Liberia,Vaccination,Has seasonal influenza vaccine been introduced in the private sector?,No response,2024,9,42
Liberia,Vaccination,Has seasonal influenza vaccine been introduced in the public sector? Year introduced;,No,2024,9,41
Liberia,Vaccination,What are the recommended risk groups for influenza vaccine?,No response,2024,9,43
Liberia,Vaccination,Which vaccine formulation is used in the country: Northern/Southern hemisphere vaccine?,N/A,2024,9,44
Liberia,Pandemic preparedness and response,All Hazards,No response,2024,10,50
Liberia,Pandemic preparedness and response,COVID-19 specific,Yes,2024,10,49
Liberia,Pandemic preparedness and response,Does the country have another pandemic preparedness plan available?,Yes,2024,10,47
Liberia,Pandemic preparedness and response,Does the country have an updated national pandemic vaccine deployment plan for Influenza pandemic vaccine,No,2024,10,53
Liberia,Pandemic preparedness and response,Does the country have a respiratory pathogen pandemic preparedness plan (PRET)?,No,2024,10,45
Liberia,Pandemic preparedness and response,Has the country perfomed a influenza simulation exercise(s) for their pandemic preparedness plan?,No,2024,10,51
Liberia,Pandemic preparedness and response,Influenza specific,Yes 2023,2024,10,48
Liberia,Pandemic preparedness and response,Year plan Last updated,N/A,2024,10,46
Liberia,Pandemic preparedness and response,Year simulation conducted,No,2024,10,52
Liberia,Integration of Influenza surveillance and SARS-CoV-2,Does the country report SARS-CoV-2 results to the Flu Net?,Yes,2024,11,26
Liberia,Integration of Influenza surveillance and SARS-CoV-2,Has the country integrated influenza and SARS-CoV-2 sentinel surveillance?,Yes,2024,11,54
Liberia,Zoonotic Influenza surveillance,Does the country perform surveillance activities at the human-animal interface?,Yes,2024,12,56
Liberia,Zoonotic Influenza surveillance,Has the country held an IHR (International Health Regulations) Review?,Yes,2024,12,17
Liberia,Zoonotic Influenza surveillance,Has the country performed joint risk assessment?,Yes,2024,12,57
Liberia,Zoonotic Influenza surveillance,"If yes, when",2024,2024,12,58
Madagascar,Population and Economy,Life expectancy,65,2024,1,3
Madagascar,Population and Economy,Population,31195932,2024,1,1
Madagascar,Population and Economy,Total Health Expenditure,3.5,2024,1,2
Madagascar,Mortality per 100 000 population,All cause/all ages,1252.1,2024,2,4
Madagascar,Mortality per 1000 live births,All cause/under 5 years,65.8,2024,3,5
Madagascar,Influenza like Illness (ILI) Surveillance,Is laboratory confirmation sought for ILI sentinel surveillance,Yes,2024,4,8
Madagascar,Influenza like Illness (ILI) Surveillance,Numbers of ILI sentinel surveillance sites,31,2024,4,9
Madagascar,Influenza like Illness (ILI) Surveillance,Surveillance case definition used for ILI case ascertainment.,WHO  2014,2024,4,7
Madagascar,Influenza like Illness (ILI) Surveillance,Type of ILI surveillance,Sentinel,2024,4,6
Madagascar,Severe acute respiratory infection (SARI) surveillance,Is laboratory confirmation sought for SARI sentinel surveillance,Yes,2024,5,13
Madagascar,Severe acute respiratory infection (SARI) surveillance,Is there timely all-cause mortality data available in the country?,Yes,2024,5,15
Madagascar,Severe acute respiratory infection (SARI) surveillance,Number of SARI sentinel surveillance sites,5,2024,5,14
Madagascar,Severe acute respiratory infection (SARI) surveillance,Sentinel sites involved in SARI surveillance.,Hospital,2024,5,11
Madagascar,Severe acute respiratory infection (SARI) surveillance,Surveillance case definition used for SARI case ascertainment.,WHO 2014,2024,5,12
Madagascar,Severe acute respiratory infection (SARI) surveillance,Type of SARI surveillance,Sentinel,2024,5,10
Madagascar,Virological surveillance,Antiviral susceptibility testing capability,Yes,2024,6,65
Madagascar,Virological surveillance,Average number of virological samples processed per week (2024),77,2024,6,32
Madagascar,Virological surveillance,Does the country forward samples to a WHO CC?,Yes,2024,6,28
Madagascar,Virological surveillance,Does the country have a designated National Influenza reference laboratory?,Yes,2024,6,22
Madagascar,Virological surveillance,Does the country have a WHO recognized National Influenza Centre (NIC)?,Yes,2024,6,21
Madagascar,Virological surveillance,Does the country have genomic sequencing capacity?,Yes,2024,6,19
Madagascar,Virological surveillance,Does the country have RT-PCR capacity?,Yes,2024,6,18
Madagascar,Virological surveillance,Does the country test for other respiratory viruses?,Yes,2024,6,20
Madagascar,Virological surveillance,Does the laboratory participate in the External Quality Assurance Panel (EQAP)?,Yes,2024,6,23
Madagascar,Virological surveillance,RT-PCR,Yes,2024,6,24
Madagascar,Virological surveillance,Sequencing capacity,Yes,2024,6,66
Madagascar,Virological surveillance,Type of virological surveillance,Sentinel,2024,6,16
Madagascar,Virological surveillance,Virus Isolation capacity,Yes,2024,6,25
Madagascar,Data reporting & use,Are epidemiological and virological sentinel surveillance datasets integrated?,Yes,2024,8,34
Madagascar,Data reporting & use,Does the country report to the FluID?,Yes,2024,8,31
Madagascar,Data reporting & use,Does the country report to the FluNet?,Yes,2024,8,33
Madagascar,Data reporting & use,Does the country share virus isolate and clinical specimens with WHO CC,Yes,2024,8,30
Madagascar,Data reporting & use,Does the country use the PISA tool to assess the severity of seasonal influenza?,Yes,2024,8,35
Madagascar,Data reporting & use,FluNet Reporting Consistency (2023-2024),100,2024,8,2659
Madagascar,Data reporting & use,Has the country performed a burden of disease analysis?,Yes,2024,8,36
Madagascar,Data reporting & use,Reporting consistency (2023-2024),1,2024,8,61
Madagascar,Data reporting & use,Was it published? If yes provide link,https://pubmed.ncbi.nlm.nih.gov/30596225/,2024,8,39
Madagascar,Data reporting & use,What was the estimated burden?,N/A,2024,8,38
Madagascar,Data reporting & use,What year was it performed?,2019,2024,8,37
Madagascar,Vaccination,Does the country have a formal seasonal influenza vaccination policy?,No,2024,9,40
Madagascar,Vaccination,Has seasonal influenza vaccine been introduced in the private sector?,Yes,2024,9,42
Madagascar,Vaccination,Has seasonal influenza vaccine been introduced in the public sector? Year introduced;,No,2024,9,41
Madagascar,Vaccination,What are the recommended risk groups for influenza vaccine?,No response,2024,9,43
Madagascar,Vaccination,Which vaccine formulation is used in the country: Northern/Southern hemisphere vaccine?,No response,2024,9,44
Madagascar,Pandemic preparedness and response,All Hazards,No,2024,10,50
Madagascar,Pandemic preparedness and response,COVID-19 specific,Yes 2020,2024,10,49
Madagascar,Pandemic preparedness and response,Does the country have another pandemic preparedness plan available?,Yes,2024,10,47
Madagascar,Pandemic preparedness and response,Does the country have an updated national pandemic vaccine deployment plan for Influenza pandemic vaccine,No,2024,10,53
Madagascar,Pandemic preparedness and response,Does the country have a respiratory pathogen pandemic preparedness plan (PRET)?,No,2024,10,45
Madagascar,Pandemic preparedness and response,Has the country perfomed a influenza simulation exercise(s) for their pandemic preparedness plan?,No,2024,10,51
Madagascar,Pandemic preparedness and response,Influenza specific,Yes 2011,2024,10,48
Madagascar,Pandemic preparedness and response,Year plan Last updated,N/A,2024,10,46
Madagascar,Pandemic preparedness and response,Year simulation conducted,No,2024,10,52
Madagascar,Integration of Influenza surveillance and SARS-CoV-2,Does the country report SARS-CoV-2 results to the Flu Net?,Yes,2024,11,26
Madagascar,Integration of Influenza surveillance and SARS-CoV-2,Has the country integrated influenza and SARS-CoV-2 sentinel surveillance?,Yes,2024,11,54
Madagascar,Zoonotic Influenza surveillance,Does the country perform surveillance activities at the human-animal interface?,Yes,2024,12,56
Madagascar,Zoonotic Influenza surveillance,Has the country held an IHR (International Health Regulations) Review?,No,2024,12,17
Madagascar,Zoonotic Influenza surveillance,Has the country performed joint risk assessment?,Yes,2024,12,57
Madagascar,Zoonotic Influenza surveillance,"If yes, when",N/A,2024,12,58
Malawi,Population and Economy,Life expectancy,63,2024,1,3
Malawi,Population and Economy,Population,21104482,2024,1,1
Malawi,Population and Economy,Total Health Expenditure,7.41,2024,1,2
Malawi,Mortality per 100 000 population,All cause/all ages,1346.6,2024,2,4
Malawi,Mortality per 1000 live births,All cause/under 5 years,40.1,2024,3,5
Malawi,Influenza like Illness (ILI) Surveillance,Is laboratory confirmation sought for ILI sentinel surveillance,Yes,2024,4,8
Malawi,Influenza like Illness (ILI) Surveillance,Numbers of ILI sentinel surveillance sites,2,2024,4,9
Malawi,Influenza like Illness (ILI) Surveillance,Surveillance case definition used for ILI case ascertainment.,WHO 2014,2024,4,7
Malawi,Influenza like Illness (ILI) Surveillance,Type of ILI surveillance,Sentinel,2024,4,6
Malawi,Severe acute respiratory infection (SARI) surveillance,Is laboratory confirmation sought for SARI sentinel surveillance,No,2024,5,13
Malawi,Severe acute respiratory infection (SARI) surveillance,Is there timely all-cause mortality data available in the country?,No,2024,5,15
Malawi,Severe acute respiratory infection (SARI) surveillance,Number of SARI sentinel surveillance sites,0,2024,5,14
Malawi,Severe acute respiratory infection (SARI) surveillance,Sentinel sites involved in SARI surveillance.,Hospital,2024,5,11
Malawi,Severe acute respiratory infection (SARI) surveillance,Surveillance case definition used for SARI case ascertainment.,WHO 2014,2024,5,12
Malawi,Severe acute respiratory infection (SARI) surveillance,Type of SARI surveillance,IDSR,2024,5,10
Malawi,Virological surveillance,Antiviral susceptibility testing capability,No,2024,6,65
Malawi,Virological surveillance,Average number of virological samples processed per week (2024),0,2024,6,32
Malawi,Virological surveillance,Does the country forward samples to a WHO CC?,No,2024,6,28
Malawi,Virological surveillance,Does the country have a designated National Influenza reference laboratory?,Yes,2024,6,22
Malawi,Virological surveillance,Does the country have a WHO recognized National Influenza Centre (NIC)?,No,2024,6,21
Malawi,Virological surveillance,Does the country have genomic sequencing capacity?,Yes,2024,6,19
Malawi,Virological surveillance,Does the country have RT-PCR capacity?,Yes,2024,6,18
Malawi,Virological surveillance,Does the country test for other respiratory viruses?,Yes,2024,6,20
Malawi,Virological surveillance,Does the laboratory participate in the External Quality Assurance Panel (EQAP)?,No,2024,6,23
Malawi,Virological surveillance,RT-PCR,Yes,2024,6,24
Malawi,Virological surveillance,Sequencing capacity,Yes,2024,6,66
Malawi,Virological surveillance,Type of virological surveillance,Sentinel,2024,6,16
Malawi,Virological surveillance,Virus Isolation capacity,No,2024,6,25
Malawi,Data reporting & use,Are epidemiological and virological sentinel surveillance datasets integrated?,Yes,2024,8,34
Malawi,Data reporting & use,Does the country report to the FluID?,No,2024,8,31
Malawi,Data reporting & use,Does the country report to the FluNet?,No,2024,8,33
Malawi,Data reporting & use,Does the country share virus isolate and clinical specimens with WHO CC,No,2024,8,30
Malawi,Data reporting & use,Does the country use the PISA tool to assess the severity of seasonal influenza?,No,2024,8,35
Malawi,Data reporting & use,FluID Reporting consistency (2023-2024),N/A,2024,8,61
Malawi,Data reporting & use,FluNet Reporting Consistency (2023-2024),0,2024,8,2659
Malawi,Data reporting & use,Has the country performed a burden of disease analysis?,No,2024,8,36
Malawi,Data reporting & use,Was it published? If yes provide link,No,2024,8,39
Malawi,Data reporting & use,What was the estimated burden?,No,2024,8,38
Malawi,Data reporting & use,What year was it performed?,No,2024,8,37
Malawi,Vaccination,Does the country have a formal seasonal influenza vaccination policy?,No,2024,9,40
Malawi,Vaccination,Has seasonal influenza vaccine been introduced in the private sector?,No,2024,9,42
Malawi,Vaccination,Has seasonal influenza vaccine been introduced in the public sector? Year introduced;,No,2024,9,41
Malawi,Vaccination,What are the recommended risk groups for influenza vaccine?,N/A,2024,9,43
Malawi,Vaccination,Which vaccine formulation is used in the country: Northern/Southern hemisphere vaccine?,N/A,2024,9,44
Malawi,Pandemic preparedness and response,All Hazards,Yes 2023,2024,10,50
Malawi,Pandemic preparedness and response,COVID-19 specific,Yes,2024,10,49
Malawi,Pandemic preparedness and response,Does the country have another pandemic preparedness plan available?,Yes,2024,10,47
Malawi,Pandemic preparedness and response,Does the country have an updated national pandemic vaccine deployment plan for Influenza pandemic vaccine,No,2024,10,53
Malawi,Pandemic preparedness and response,Does the country have a respiratory pathogen pandemic preparedness plan (PRET)?,No,2024,10,45
Malawi,Pandemic preparedness and response,Has the country perfomed a influenza simulation exercise(s) for their pandemic preparedness plan?,No,2024,10,51
Malawi,Pandemic preparedness and response,Influenza specific,No,2024,10,48
Malawi,Pandemic preparedness and response,Year plan Last updated,No,2024,10,46
Malawi,Pandemic preparedness and response,Year simulation conducted,No,2024,10,52
Malawi,Integration of Influenza surveillance and SARS-CoV-2,Does the country report SARS-CoV-2 results to the Flu Net?,No,2024,11,26
Malawi,Integration of Influenza surveillance and SARS-CoV-2,Has the country integrated influenza and SARS-CoV-2 sentinel surveillance?,Yes,2024,11,54
Malawi,Zoonotic Influenza surveillance,Does the country perform surveillance activities at the human-animal interface?,Yes,2024,12,56
Malawi,Zoonotic Influenza surveillance,Has the country held an IHR (International Health Regulations) Review?,No,2024,12,17
Malawi,Zoonotic Influenza surveillance,Has the country performed joint risk assessment?,No,2024,12,57
Malawi,Zoonotic Influenza surveillance,"If yes, when",No,2024,12,58
Mali,Population and Economy,Life expectancy,59,2024,1,3
Mali,Population and Economy,Population,23769127,2024,1,1
Mali,Population and Economy,Total Health Expenditure,4.47,2024,1,2
Mali,Mortality per 100 000 population,All cause/all ages,1199.1,2024,2,4
Mali,Mortality per 1000 live births,All cause/under 5 years,93.8,2024,3,5
Mali,Influenza like Illness (ILI) Surveillance,Is laboratory confirmation sought for ILI sentinel surveillance,Yes,2024,4,8
Mali,Influenza like Illness (ILI) Surveillance,Numbers of ILI sentinel surveillance sites,5,2024,4,9
Mali,Influenza like Illness (ILI) Surveillance,Surveillance case definition used for ILI case ascertainment.,IDSR 3rd Edition,2024,4,7
Mali,Influenza like Illness (ILI) Surveillance,Type of ILI surveillance,Sentinel,2024,4,6
Mali,Severe acute respiratory infection (SARI) surveillance,Is laboratory confirmation sought for SARI sentinel surveillance,No,2024,5,13
Mali,Severe acute respiratory infection (SARI) surveillance,Is there timely all-cause mortality data available in the country?,Yes,2024,5,15
Mali,Severe acute respiratory infection (SARI) surveillance,Number of SARI sentinel surveillance sites,3,2024,5,14
Mali,Severe acute respiratory infection (SARI) surveillance,Sentinel sites involved in SARI surveillance.,Hospital,2024,5,11
Mali,Severe acute respiratory infection (SARI) surveillance,Surveillance case definition used for SARI case ascertainment.,IDSR 3rd Edition,2024,5,12
Mali,Severe acute respiratory infection (SARI) surveillance,Type of SARI surveillance,Sentinel,2024,5,10
Mali,Virological surveillance,Antiviral susceptibility testing capability,Yes,2024,6,65
Mali,Virological surveillance,Average number of virological samples processed per week (2024),26,2024,6,32
Mali,Virological surveillance,Does the country forward samples to a WHO CC?,Yes,2024,6,28
Mali,Virological surveillance,Does the country have a designated National Influenza reference laboratory?,Yes,2024,6,22
Mali,Virological surveillance,Does the country have a WHO recognized National Influenza Centre (NIC)?,No,2024,6,21
Mali,Virological surveillance,Does the country have genomic sequencing capacity?,Yes,2024,6,19
Mali,Virological surveillance,Does the country have RT-PCR capacity?,Yes,2024,6,18
Mali,Virological surveillance,Does the country test for other respiratory viruses?,Yes,2024,6,20
Mali,Virological surveillance,Does the laboratory participate in the External Quality Assurance Panel (EQAP)?,Yes,2024,6,23
Mali,Virological surveillance,RT-PCR,No,2024,6,24
Mali,Virological surveillance,Sequencing capacity,N/A,2024,6,66
Mali,Virological surveillance,Type of virological surveillance,Sentinel,2024,6,16
Mali,Virological surveillance,Virus Isolation capacity,No,2024,6,25
Mali,Data reporting & use,Are epidemiological and virological sentinel surveillance datasets integrated?,No,2024,8,34
Mali,Data reporting & use,Does the country report to the FluID?,No,2024,8,31
Mali,Data reporting & use,Does the country report to the FluNet?,Yes,2024,8,33
Mali,Data reporting & use,Does the country share virus isolate and clinical specimens with WHO CC,Yes,2024,8,30
Mali,Data reporting & use,Does the country use the PISA tool to assess the severity of seasonal influenza?,No,2024,8,35
Mali,Data reporting & use,FluNet Reporting Consistency (2023-2024),100,2024,8,2659
Mali,Data reporting & use,Has the country performed a burden of disease analysis?,No,2024,8,36
Mali,Data reporting & use,Reporting consistency (2023-2024),1,2024,8,61
Mali,Data reporting & use,Was it published? If yes provide link,N/A,2024,8,39
Mali,Data reporting & use,What was the estimated burden?,N/A,2024,8,38
Mali,Data reporting & use,What year was it performed?,N/A,2024,8,37
Mali,Vaccination,Does the country have a formal seasonal influenza vaccination policy?,No,2024,9,40
Mali,Vaccination,Has seasonal influenza vaccine been introduced in the private sector?,No response,2024,9,42
Mali,Vaccination,Has seasonal influenza vaccine been introduced in the public sector? Year introduced;,No,2024,9,41
Mali,Vaccination,Recommended risk groups,No response,2024,9,43
Mali,Vaccination,Which vaccine formulation is used in the country: Northern/Southern hemisphere vaccine?,No response,2024,9,44
Mali,Pandemic preparedness and response,All Hazards,No response,2024,10,50
Mali,Pandemic preparedness and response,COVID-19 specific,Yes,2024,10,49
Mali,Pandemic preparedness and response,Does the country have another pandemic preparedness plan available?,Yes,2024,10,47
Mali,Pandemic preparedness and response,Does the country have an updated national pandemic vaccine deployment plan for Influenza pandemic vaccine,No,2024,10,53
Mali,Pandemic preparedness and response,Does the country have a respiratory pathogen pandemic preparedness plan (PRET)?,No,2024,10,45
Mali,Pandemic preparedness and response,Has the country perfomed a influenza simulation exercise(s) for their pandemic preparedness plan?,No,2024,10,51
Mali,Pandemic preparedness and response,Influenza specific,No response,2024,10,48
Mali,Pandemic preparedness and response,Year plan Last updated,N/A,2024,10,46
Mali,Pandemic preparedness and response,Year simulation conducted,No,2024,10,52
Mali,Integration of Influenza surveillance and SARS-CoV-2,Does the country report SARS-CoV-2 results to the Flu Net?,Yes,2024,11,26
Mali,Integration of Influenza surveillance and SARS-CoV-2,Has the country integrated influenza and SARS-CoV-2 sentinel surveillance?,Yes,2024,11,54
Mali,Zoonotic Influenza surveillance,Does the country perform surveillance activities at the human-animal interface?,Yes,2024,12,56
Mali,Zoonotic Influenza surveillance,Has the country held an IHR (International Health Regulations) Review?,Yes,2024,12,17
Mali,Zoonotic Influenza surveillance,Has the country performed joint risk assessment?,No,2024,12,57
Mali,Zoonotic Influenza surveillance,"If yes, when",N/A,2024,12,58
Mauritania,Population and Economy,Life expectancy,65,2024,1,3
Mauritania,Population and Economy,Population,5022441,2024,1,1
Mauritania,Population and Economy,Total Health Expenditure,4.12,2024,1,2
Mauritania,Mortality per 100 000 population,All cause/all ages,941.1,2024,2,4
Mauritania,Mortality per 1000 live births,All cause/under 5 years,39.2,2024,3,5
Mauritania,Influenza like Illness (ILI) Surveillance,Is laboratory confirmation sought for ILI sentinel surveillance,Yes,2024,4,8
Mauritania,Influenza like Illness (ILI) Surveillance,Numbers of ILI sentinel surveillance sites,3,2024,4,9
Mauritania,Influenza like Illness (ILI) Surveillance,Surveillance case definition used for ILI case ascertainment.,IDSR 3rd Edition,2024,4,7
Mauritania,Influenza like Illness (ILI) Surveillance,Type of ILI surveillance,Sentinel,2024,4,6
Mauritania,Severe acute respiratory infection (SARI) surveillance,Is laboratory confirmation sought for SARI sentinel surveillance,Yes,2024,5,13
Mauritania,Severe acute respiratory infection (SARI) surveillance,Is there timely all-cause mortality data available in the country?,No response,2024,5,15
Mauritania,Severe acute respiratory infection (SARI) surveillance,Number of SARI sentinel surveillance sites,3,2024,5,14
Mauritania,Severe acute respiratory infection (SARI) surveillance,Sentinel sites involved in SARI surveillance.,Hospital,2024,5,11
Mauritania,Severe acute respiratory infection (SARI) surveillance,Surveillance case definition used for SARI case ascertainment.,WHO 2014,2024,5,12
Mauritania,Severe acute respiratory infection (SARI) surveillance,Type of SARI surveillance,Yes,2024,5,10
Mauritania,Virological surveillance,Antiviral susceptibility testing capability,No,2024,6,65
Mauritania,Virological surveillance,Average number of virological samples processed per week (2024),3,2024,6,32
Mauritania,Virological surveillance,Does the country forward samples to a WHO CC?,Yes,2024,6,28
Mauritania,Virological surveillance,Does the country have a designated National Influenza reference laboratory?,Yes,2024,6,22
Mauritania,Virological surveillance,Does the country have a WHO recognized National Influenza Centre (NIC)?,No,2024,6,21
Mauritania,Virological surveillance,Does the country have genomic sequencing capacity?,Yes,2024,6,19
Mauritania,Virological surveillance,Does the country have RT-PCR capacity?,Yes,2024,6,18
Mauritania,Virological surveillance,Does the country test for other respiratory viruses?,Yes,2024,6,20
Mauritania,Virological surveillance,Does the laboratory participate in the External Quality Assurance Panel (EQAP)?,Yes,2024,6,23
Mauritania,Virological surveillance,RT-PCR,Yes,2024,6,24
Mauritania,Virological surveillance,Sequencing capacity,No,2024,6,66
Mauritania,Virological surveillance,Type of virological surveillance,Sentinel,2024,6,16
Mauritania,Virological surveillance,Virus Isolation capacity,No,2024,6,25
Mauritania,Data reporting & use,Are epidemiological and virological sentinel surveillance datasets integrated?,No,2024,8,34
Mauritania,Data reporting & use,Does the country report to the FluID?,No,2024,8,31
Mauritania,Data reporting & use,Does the country report to the FluNet?,Yes,2024,8,33
Mauritania,Data reporting & use,Does the country share virus isolate and clinical specimens with WHO CC,Yes,2024,8,30
Mauritania,Data reporting & use,Does the country use the PISA tool to assess the severity of seasonal influenza?,No,2024,8,35
Mauritania,Data reporting & use,FluNet Reporting Consistency (2023-2024),46,2024,8,2659
Mauritania,Data reporting & use,Has the country performed a burden of disease analysis?,No,2024,8,36
Mauritania,Data reporting & use,Reporting consistency (2023-2024),0.46,2024,8,61
Mauritania,Data reporting & use,Was it published? If yes provide link,N/A,2024,8,39
Mauritania,Data reporting & use,What was the estimated burden?,N/A,2024,8,38
Mauritania,Data reporting & use,What year was it performed?,N/A,2024,8,37
Mauritania,Vaccination,Does the country have a formal seasonal influenza vaccination policy?,No,2024,9,40
Mauritania,Vaccination,Has seasonal influenza vaccine been introduced in the private sector?,No response,2024,9,42
Mauritania,Vaccination,Has seasonal influenza vaccine been introduced in the public sector? Year introduced;,No,2024,9,41
Mauritania,Vaccination,What are the recommended risk groups for influenza vaccine?,No response,2024,9,43
Mauritania,Vaccination,Which vaccine formulation is used in the country: Northern/Southern hemisphere vaccine?,No response,2024,9,44
Mauritania,Pandemic preparedness and response,All Hazards,No,2024,10,50
Mauritania,Pandemic preparedness and response,COVID-19 specific,Yes 2020,2024,10,49
Mauritania,Pandemic preparedness and response,Does the country have another pandemic preparedness plan available?,Yes,2024,10,47
Mauritania,Pandemic preparedness and response,Does the country have an updated national pandemic vaccine deployment plan for Influenza pandemic vaccine,No,2024,10,53
Mauritania,Pandemic preparedness and response,Does the country have a respiratory pathogen pandemic preparedness plan (PRET)?,No,2024,10,45
Mauritania,Pandemic preparedness and response,Has the country perfomed a influenza simulation exercise(s) for their pandemic preparedness plan?,No,2024,10,51
Mauritania,Pandemic preparedness and response,Influenza specific,Yes 2019,2024,10,48
Mauritania,Pandemic preparedness and response,Year plan Last updated,N/A,2024,10,46
Mauritania,Pandemic preparedness and response,Year simulation conducted,No,2024,10,52
Mauritania,Integration of Influenza surveillance and SARS-CoV-2,Does the country report SARS-CoV-2 results to the Flu Net?,Yes,2024,11,26
Mauritania,Integration of Influenza surveillance and SARS-CoV-2,Has the country integrated influenza and SARS-CoV-2 sentinel surveillance?,Yes,2024,11,54
Mauritania,Zoonotic Influenza surveillance,Does the country perform surveillance activities at the human-animal interface?,Yes,2024,12,56
Mauritania,Zoonotic Influenza surveillance,Has the country held an IHR (International Health Regulations) Review?,Yes,2024,12,17
Mauritania,Zoonotic Influenza surveillance,Has the country performed joint risk assessment?,No,2024,12,57
Mauritania,Zoonotic Influenza surveillance,"If yes, when",2018,2024,12,58
Mauritius,Population and Economy,Life expectancy,74,2024,1,3
Mauritius,Population and Economy,Population,1261041,2024,1,1
Mauritius,Population and Economy,Total Health Expenditure,6.39,2024,1,2
Mauritius,Mortality per 100 000 population,All cause/all ages,713.4,2024,2,4
Mauritius,Mortality per 1000 live births,All cause/under 5 years,15,2024,3,5
Mauritius,Influenza like Illness (ILI) Surveillance,Is laboratory confirmation sought for ILI sentinel surveillance,Yes,2024,4,8
Mauritius,Influenza like Illness (ILI) Surveillance,Numbers of ILI sentinel surveillance sites,5,2024,4,9
Mauritius,Influenza like Illness (ILI) Surveillance,Surveillance case definition used for ILI case ascertainment.,WHO 2014,2024,4,7
Mauritius,Influenza like Illness (ILI) Surveillance,Type of ILI surveillance,Sentinel,2024,4,6
Mauritius,Severe acute respiratory infection (SARI) surveillance,Is laboratory confirmation sought for SARI sentinel surveillance,Yes,2024,5,13
Mauritius,Severe acute respiratory infection (SARI) surveillance,Is there timely all-cause mortality data available in the country?,Yes,2024,5,15
Mauritius,Severe acute respiratory infection (SARI) surveillance,Number of SARI sentinel surveillance sites,5,2024,5,14
Mauritius,Severe acute respiratory infection (SARI) surveillance,Sentinel sites involved in SARI surveillance.,Hospital,2024,5,11
Mauritius,Severe acute respiratory infection (SARI) surveillance,Surveillance case definition used for SARI case ascertainment.,WHO 2014,2024,5,12
Mauritius,Severe acute respiratory infection (SARI) surveillance,Type of SARI surveillance,Sentinel,2024,5,10
Mauritius,Virological surveillance,Antiviral susceptibility testing capability,No,2024,6,65
Mauritius,Virological surveillance,Average number of virological samples processed per week (2024),75,2024,6,32
Mauritius,Virological surveillance,Does the country forward samples to a WHO CC?,Yes,2024,6,28
Mauritius,Virological surveillance,Does the country have a designated National Influenza reference laboratory?,Yes,2024,6,22
Mauritius,Virological surveillance,Does the country have a WHO recognized National Influenza Centre (NIC)?,Yes,2024,6,21
Mauritius,Virological surveillance,Does the country have genomic sequencing capacity?,Yes,2024,6,19
Mauritius,Virological surveillance,Does the country have RT-PCR capacity?,Yes,2024,6,18
Mauritius,Virological surveillance,Does the country test for other respiratory viruses?,Yes,2024,6,20
Mauritius,Virological surveillance,Does the laboratory participate in the External Quality Assurance Panel (EQAP)?,Yes,2024,6,23
Mauritius,Virological surveillance,RT-PCR,Yes,2024,6,24
Mauritius,Virological surveillance,Sequencing capacity,Yes,2024,6,66
Mauritius,Virological surveillance,Type of virological surveillance,Sentinel,2024,6,16
Mauritius,Virological surveillance,Virus Isolation capacity,Yes,2024,6,25
Mauritius,Data reporting & use,Are epidemiological and virological sentinel surveillance datasets integrated?,No,2024,8,34
Mauritius,Data reporting & use,Does the country report to the FluID?,No,2024,8,31
Mauritius,Data reporting & use,Does the country report to the FluNet?,Yes,2024,8,33
Mauritius,Data reporting & use,Does the country share virus isolate and clinical specimens with WHO CC,Yes,2024,8,30
Mauritius,Data reporting & use,Does the country use the PISA tool to assess the severity of seasonal influenza?,No,2024,8,35
Mauritius,Data reporting & use,FluNet Reporting Consistency (2023-2024),100,2024,8,2659
Mauritius,Data reporting & use,Has the country performed a burden of disease analysis?,In progress,2024,8,36
Mauritius,Data reporting & use,Reporting consistency (2023-2024),1,2024,8,61
Mauritius,Data reporting & use,Was it published? If yes provide link,No,2024,8,39
Mauritius,Data reporting & use,What was the estimated burden?,No,2024,8,38
Mauritius,Data reporting & use,What year was it performed?,No,2024,8,37
Mauritius,Vaccination,Does the country have a formal seasonal influenza vaccination policy?,Yes,2024,9,40
Mauritius,Vaccination,Has seasonal influenza vaccine been introduced in the private sector?,Yes,2024,9,42
Mauritius,Vaccination,Has seasonal influenza vaccine been introduced in the public sector? Year introduced;,Yes 2011,2024,9,41
Mauritius,Vaccination,What are the recommended risk groups for influenza vaccine?,"Health care workers,Chronic conditions,Older adults,Pregnant women,Children under 5 years",2024,9,43
Mauritius,Vaccination,Which vaccine formulation is used in the country: Northern/Southern hemisphere vaccine?,Southern Hemisphere,2024,9,44
Mauritius,Pandemic preparedness and response,All Hazards,No response,2024,10,50
Mauritius,Pandemic preparedness and response,COVID-19 specific,Yes 2021,2024,10,49
Mauritius,Pandemic preparedness and response,Does the country have another pandemic preparedness plan available?,Yes,2024,10,47
Mauritius,Pandemic preparedness and response,Does the country have an updated national pandemic vaccine deployment plan for Influenza pandemic vaccine,No,2024,10,53
Mauritius,Pandemic preparedness and response,Does the country have a respiratory pathogen pandemic preparedness plan (PRET)?,No,2024,10,45
Mauritius,Pandemic preparedness and response,Has the country perfomed a influenza simulation exercise(s) for their pandemic preparedness plan?,No,2024,10,51
Mauritius,Pandemic preparedness and response,Influenza specific,Yes 2021,2024,10,48
Mauritius,Pandemic preparedness and response,Year plan Last updated,N/A,2024,10,46
Mauritius,Pandemic preparedness and response,Year simulation conducted,No,2024,10,52
Mauritius,Integration of Influenza surveillance and SARS-CoV-2,Does the country report SARS-CoV-2 results to the Flu Net?,Yes,2024,11,26
Mauritius,Integration of Influenza surveillance and SARS-CoV-2,Has the country integrated influenza and SARS-CoV-2 sentinel surveillance?,Yes,2024,11,54
Mauritius,Zoonotic Influenza surveillance,Does the country perform surveillance activities at the human-animal interface?,Yes,2024,12,56
Mauritius,Zoonotic Influenza surveillance,Has the country held an IHR (International Health Regulations) Review?,No,2024,12,17
Mauritius,Zoonotic Influenza surveillance,Has the country performed joint risk assessment?,No,2024,12,57
Mauritius,Zoonotic Influenza surveillance,"If yes, when",No,2024,12,58
Mozambique,Population and Economy,Life expectancy,60,2024,1,3
Mozambique,Population and Economy,Population,33635160,2024,1,1
Mozambique,Population and Economy,Total Health Expenditure,9.05,2024,1,2
Mozambique,Mortality per 100 000 population,All cause/all ages,1644,2024,2,4
Mozambique,Mortality per 1000 live births,All cause/under 5 years,66.2,2024,3,5
Mozambique,Influenza like Illness (ILI) Surveillance,Is laboratory confirmation sought for ILI sentinel surveillance,N/A,2024,4,8
Mozambique,Influenza like Illness (ILI) Surveillance,Numbers of ILI sentinel surveillance sites,0,2024,4,9
Mozambique,Influenza like Illness (ILI) Surveillance,Surveillance case definition used for ILI case ascertainment.,N/A,2024,4,7
Mozambique,Influenza like Illness (ILI) Surveillance,Type of ILI surveillance,Sentinel,2024,4,6
Mozambique,Severe acute respiratory infection (SARI) surveillance,Is laboratory confirmation sought for SARI sentinel surveillance,Yes,2024,5,13
Mozambique,Severe acute respiratory infection (SARI) surveillance,Is there timely all-cause mortality data available in the country?,Yes,2024,5,15
Mozambique,Severe acute respiratory infection (SARI) surveillance,Number of SARI sentinel surveillance sites,3,2024,5,14
Mozambique,Severe acute respiratory infection (SARI) surveillance,Sentinel sites involved in SARI surveillance.,Hospital,2024,5,11
Mozambique,Severe acute respiratory infection (SARI) surveillance,Surveillance case definition used for SARI case ascertainment.,WHO 2014,2024,5,12
Mozambique,Severe acute respiratory infection (SARI) surveillance,Type of SARI surveillance,Sentinel,2024,5,10
Mozambique,Virological surveillance,Antiviral susceptibility testing capability,No,2024,6,65
Mozambique,Virological surveillance,Average number of virological samples processed per week (2024),78,2024,6,32
Mozambique,Virological surveillance,Does the country forward samples to a WHO CC?,Yes,2024,6,28
Mozambique,Virological surveillance,Does the country have a designated National Influenza reference laboratory?,Yes,2024,6,22
Mozambique,Virological surveillance,Does the country have a WHO recognized National Influenza Centre (NIC)?,No,2024,6,21
Mozambique,Virological surveillance,Does the country have genomic sequencing capacity?,Yes,2024,6,19
Mozambique,Virological surveillance,Does the country have RT-PCR capacity?,Yes,2024,6,18
Mozambique,Virological surveillance,Does the country test for other respiratory viruses?,Yes,2024,6,20
Mozambique,Virological surveillance,Does the laboratory participate in the External Quality Assurance Panel (EQAP)?,Yes,2024,6,23
Mozambique,Virological surveillance,RT-PCR,Yes,2024,6,24
Mozambique,Virological surveillance,Sequencing capacity,Yes,2024,6,66
Mozambique,Virological surveillance,Type of virological surveillance,Sentinel,2024,6,16
Mozambique,Virological surveillance,Virus Isolation capacity,No,2024,6,25
Mozambique,Data reporting & use,Are epidemiological and virological sentinel surveillance datasets integrated?,Yes,2024,8,34
Mozambique,Data reporting & use,Does the country report to the FluID?,Yes,2024,8,31
Mozambique,Data reporting & use,Does the country report to the FluNet?,Yes,2024,8,33
Mozambique,Data reporting & use,Does the country share virus isolate and clinical specimens with WHO CC,Yes,2024,8,30
Mozambique,Data reporting & use,Does the country use the PISA tool to assess the severity of seasonal influenza?,No,2024,8,35
Mozambique,Data reporting & use,FluNet Reporting Consistency (2023-2024),100,2024,8,2659
Mozambique,Data reporting & use,Has the country performed a burden of disease analysis?,No,2024,8,36
Mozambique,Data reporting & use,Reporting consistency (2023-2024),1,2024,8,61
Mozambique,Data reporting & use,Was it published? If yes provide link,No,2024,8,39
Mozambique,Data reporting & use,What was the estimated burden?,No,2024,8,38
Mozambique,Data reporting & use,What year was it performed?,No,2024,8,37
Mozambique,Vaccination,Does the country have a formal seasonal influenza vaccination policy?,No,2024,9,40
Mozambique,Vaccination,Has seasonal influenza vaccine been introduced in the private sector?,No response,2024,9,42
Mozambique,Vaccination,Has seasonal influenza vaccine been introduced in the public sector? Year introduced;,No,2024,9,41
Mozambique,Vaccination,What are the recommended risk groups for influenza vaccine?,No response,2024,9,43
Mozambique,Vaccination,Which vaccine formulation is used in the country: Northern/Southern hemisphere vaccine?,No response,2024,9,44
Mozambique,Pandemic preparedness and response,All Hazards,Yes 2023,2024,10,50
Mozambique,Pandemic preparedness and response,COVID-19 specific,Yes 2022,2024,10,49
Mozambique,Pandemic preparedness and response,Does the country have another pandemic preparedness plan available?,Yes,2024,10,47
Mozambique,Pandemic preparedness and response,Does the country have an updated national pandemic vaccine deployment plan for Influenza pandemic vaccine,No,2024,10,53
Mozambique,Pandemic preparedness and response,Does the country have a respiratory pathogen pandemic preparedness plan (PRET)?,In progress,2024,10,45
Mozambique,Pandemic preparedness and response,Has the country perfomed a influenza simulation exercise(s) for their pandemic preparedness plan?,No,2024,10,51
Mozambique,Pandemic preparedness and response,Influenza specific,Yes 2014,2024,10,48
Mozambique,Pandemic preparedness and response,Year plan Last updated,Draft,2024,10,46
Mozambique,Pandemic preparedness and response,Year simulation conducted,No,2024,10,52
Mozambique,Integration of Influenza surveillance and SARS-CoV-2,Does the country report SARS-CoV-2 results to the Flu Net?,Yes,2024,11,26
Mozambique,Integration of Influenza surveillance and SARS-CoV-2,Has the country integrated influenza and SARS-CoV-2 sentinel surveillance?,Yes,2024,11,54
Mozambique,Zoonotic Influenza surveillance,Does the country perform surveillance activities at the human-animal interface?,Yes,2024,12,56
Mozambique,Zoonotic Influenza surveillance,Has the country held an IHR (International Health Regulations) Review?,No,2024,12,17
Mozambique,Zoonotic Influenza surveillance,Has the country performed joint risk assessment?,No,2024,12,57
Mozambique,Zoonotic Influenza surveillance,"If yes, when",No,2024,12,58
Namibia,Population and Economy,Population,2963095,2024,1,1
Namibia,Population and Economy,Total Health Expenditure,9.38,2024,1,2
Namibia,Mortality per 100 000 population,All cause/all ages,1578.8,2024,2,4
Namibia,Mortality per 1000 live births,All cause/under 5 years,37.9,2024,3,5
Namibia,Influenza like Illness (ILI) Surveillance,Is laboratory confirmation sought for ILI sentinel surveillance,Yes,2024,4,8
Namibia,Influenza like Illness (ILI) Surveillance,Numbers of ILI sentinel surveillance sites,1,2024,4,9
Namibia,Influenza like Illness (ILI) Surveillance,Surveillance case definition used for ILI case ascertainment.,IDSR 3rd Edition,2024,4,7
Namibia,Influenza like Illness (ILI) Surveillance,Type of ILI surveillance,Sentinel,2024,4,6
Namibia,Severe acute respiratory infection (SARI) surveillance,Is laboratory confirmation sought for SARI sentinel surveillance,No,2024,5,13
Namibia,Severe acute respiratory infection (SARI) surveillance,Is there timely all-cause mortality data available in the country?,Yes,2024,5,15
Namibia,Severe acute respiratory infection (SARI) surveillance,Number of SARI sentinel surveillance sites,0,2024,5,14
Namibia,Severe acute respiratory infection (SARI) surveillance,Sentinel sites involved in SARI surveillance.,N/A,2024,5,11
Namibia,Severe acute respiratory infection (SARI) surveillance,Surveillance case definition used for SARI case ascertainment.,N/A,2024,5,12
Namibia,Severe acute respiratory infection (SARI) surveillance,Type of SARI surveillance,No,2024,5,10
Namibia,Virological surveillance,Antiviral susceptibility testing capability,N/A,2024,6,65
Namibia,Virological surveillance,Average number of virological samples processed per week (2024),6,2024,6,32
Namibia,Virological surveillance,Does the country forward samples to a WHO CC?,No,2024,6,28
Namibia,Virological surveillance,Does the country have a designated National Influenza reference laboratory?,Yes,2024,6,22
Namibia,Virological surveillance,Does the country have a WHO recognized National Influenza Centre (NIC)?,No,2024,6,21
Namibia,Virological surveillance,Does the country have genomic sequencing capacity?,Yes,2024,6,19
Namibia,Virological surveillance,Does the country have RT-PCR capacity?,Yes,2024,6,18
Namibia,Virological surveillance,Does the country test for other respiratory viruses?,Yes,2024,6,20
Namibia,Virological surveillance,Does the laboratory participate in the External Quality Assurance Panel (EQAP)?,Yes,2024,6,23
Namibia,Virological surveillance,RT-PCR,Yes,2024,6,24
Namibia,Virological surveillance,Sequencing capacity,Yes,2024,6,66
Namibia,Virological surveillance,Type of virological surveillance,Sentinel,2024,6,16
Namibia,Virological surveillance,Virus Isolation capacity,No,2024,6,25
Namibia,Data reporting & use,Are epidemiological and virological sentinel surveillance datasets integrated?,No,2024,8,34
Namibia,Data reporting & use,Does the country report to the FluID?,No,2024,8,31
Namibia,Data reporting & use,Does the country report to the FluNet?,Yes,2024,8,33
Namibia,Data reporting & use,Does the country share virus isolate and clinical specimens with WHO CC,No,2024,8,30
Namibia,Data reporting & use,Does the country use the PISA tool to assess the severity of seasonal influenza?,No,2024,8,35
Namibia,Data reporting & use,FluNet Reporting Consistency (2023-2024),100,2024,8,2659
Namibia,Data reporting & use,Has the country performed a burden of disease analysis?,No,2024,8,36
Namibia,Data reporting & use,Reporting consistency (2023-2024),1,2024,8,61
Namibia,Data reporting & use,Was it published? If yes provide link,No,2024,8,39
Namibia,Data reporting & use,What was the estimated burden?,No,2024,8,38
Namibia,Data reporting & use,What year was it performed?,No,2024,8,37
Namibia,Vaccination,Does the country have a formal seasonal influenza vaccination policy?,No,2024,9,40
Namibia,Vaccination,Has seasonal influenza vaccine been introduced in the private sector?,No response,2024,9,42
Namibia,Vaccination,Has seasonal influenza vaccine been introduced in the public sector? Year introduced;,No,2024,9,41
Namibia,Vaccination,What are the recommended risk groups for influenza vaccine?,No response,2024,9,43
Namibia,Vaccination,Which vaccine formulation is used in the country: Northern/Southern hemisphere vaccine?,No response,2024,9,44
Namibia,Pandemic preparedness and response,All Hazards,No response,2024,10,50
Namibia,Pandemic preparedness and response,COVID-19 specific,No response,2024,10,49
Namibia,Pandemic preparedness and response,Does the country have another pandemic preparedness plan available?,No response,2024,10,47
Namibia,Pandemic preparedness and response,Does the country have an updated national pandemic vaccine deployment plan for Influenza pandemic vaccine,No,2024,10,53
Namibia,Pandemic preparedness and response,Does the country have a respiratory pathogen pandemic preparedness plan (PRET)?,Yes,2024,10,45
Namibia,Pandemic preparedness and response,Has the country perfomed a influenza simulation exercise(s) for their pandemic preparedness plan?,No,2024,10,51
Namibia,Pandemic preparedness and response,Influenza specific,No response,2024,10,48
Namibia,Pandemic preparedness and response,Year plan Last updated,2023,2024,10,46
Namibia,Pandemic preparedness and response,Year simulation conducted,No,2024,10,52
Namibia,Integration of Influenza surveillance and SARS-CoV-2,Does the country report SARS-CoV-2 results to the Flu Net?,Yes,2024,11,26
Namibia,Integration of Influenza surveillance and SARS-CoV-2,Has the country integrated influenza and SARS-CoV-2 sentinel surveillance?,Yes,2024,11,54
Namibia,Zoonotic Influenza surveillance,Does the country perform surveillance activities at the human-animal interface?,Yes,2024,12,56
Namibia,Zoonotic Influenza surveillance,Has the country held an IHR (International Health Regulations) Review?,No,2024,12,17
Namibia,Zoonotic Influenza surveillance,Has the country performed joint risk assessment?,No,2024,12,57
Namibia,Zoonotic Influenza surveillance,"If yes, when",No,2024,12,58
Niger,Population and Economy,Life expectancy,62,2024,1,3
Niger,Population and Economy,Population,26159867,2024,1,1
Niger,Population and Economy,Total Health Expenditure,5.81,2024,1,2
Niger,Mortality per 100 000 population,All cause/all ages,1253.9,2024,2,4
Niger,Mortality per 1000 live births,All cause/under 5 years,117.3,2024,3,5
Niger,Influenza like Illness (ILI) Surveillance,Is laboratory confirmation sought for ILI sentinel surveillance,Yes,2024,4,8
Niger,Influenza like Illness (ILI) Surveillance,Numbers of ILI sentinel surveillance sites,8,2024,4,9
Niger,Influenza like Illness (ILI) Surveillance,Surveillance case definition used for ILI case ascertainment.,WHO 2014,2024,4,7
Niger,Influenza like Illness (ILI) Surveillance,Type of ILI surveillance,Sentinel,2024,4,6
Niger,Severe acute respiratory infection (SARI) surveillance,Is laboratory confirmation sought for SARI sentinel surveillance,Yes,2024,5,13
Niger,Severe acute respiratory infection (SARI) surveillance,Is there timely all-cause mortality data available in the country?,Yes,2024,5,15
Niger,Severe acute respiratory infection (SARI) surveillance,Number of SARI sentinel surveillance sites,2,2024,5,14
Niger,Severe acute respiratory infection (SARI) surveillance,Sentinel sites involved in SARI surveillance.,Hospital,2024,5,11
Niger,Severe acute respiratory infection (SARI) surveillance,Surveillance case definition used for SARI case ascertainment.,WHO 2014,2024,5,12
Niger,Severe acute respiratory infection (SARI) surveillance,Type of SARI surveillance,Sentinel,2024,5,10
Niger,Virological surveillance,Antiviral susceptibility testing capability,No,2024,6,65
Niger,Virological surveillance,Average number of virological samples processed per week (2024),69,2024,6,32
Niger,Virological surveillance,Does the country forward samples to a WHO CC?,Yes,2024,6,28
Niger,Virological surveillance,Does the country have a designated National Influenza reference laboratory?,Yes,2024,6,22
Niger,Virological surveillance,Does the country have a WHO recognized National Influenza Centre (NIC)?,No,2024,6,21
Niger,Virological surveillance,Does the country have genomic sequencing capacity?,Yes,2024,6,19
Niger,Virological surveillance,Does the country have RT-PCR capacity?,Yes,2024,6,18
Niger,Virological surveillance,Does the country test for other respiratory viruses?,Yes,2024,6,20
Niger,Virological surveillance,Does the laboratory participate in the External Quality Assurance Panel (EQAP)?,Yes,2024,6,23
Niger,Virological surveillance,RT-PCR,Yes,2024,6,24
Niger,Virological surveillance,Sequencing capacity,Yes,2024,6,66
Niger,Virological surveillance,Type of virological surveillance,Sentinel,2024,6,16
Niger,Virological surveillance,Virus Isolation capacity,No,2024,6,25
Niger,Data reporting & use,Are epidemiological and virological sentinel surveillance datasets integrated?,Yes,2024,8,34
Niger,Data reporting & use,Does the country report to the FluID?,Yes,2024,8,31
Niger,Data reporting & use,Does the country report to the FluNet?,Yes,2024,8,33
Niger,Data reporting & use,Does the country share virus isolate and clinical specimens with WHO CC,Yes,2024,8,30
Niger,Data reporting & use,Does the country use the PISA tool to assess the severity of seasonal influenza?,No,2024,8,35
Niger,Data reporting & use,FluNet Reporting Consistency (2023-2024),100,2024,8,2659
Niger,Data reporting & use,Has the country performed a burden of disease analysis?,In progress,2024,8,36
Niger,Data reporting & use,Reporting consistency (2023-2024),1,2024,8,61
Niger,Data reporting & use,Was it published? If yes provide link,No,2024,8,39
Niger,Data reporting & use,What was the estimated burden?,No,2024,8,38
Niger,Data reporting & use,What year was it performed?,No,2024,8,37
Niger,Vaccination,Does the country have a formal seasonal influenza vaccination policy?,No,2024,9,40
Niger,Vaccination,Has seasonal influenza vaccine been introduced in the private sector?,No response,2024,9,42
Niger,Vaccination,Has seasonal influenza vaccine been introduced in the public sector? Year introduced;,No,2024,9,41
Niger,Vaccination,What are the recommended risk groups for influenza vaccine?,No response,2024,9,43
Niger,Vaccination,Which vaccine formulation is used in the country: Northern/Southern hemisphere vaccine?,No response,2024,9,44
Niger,Pandemic preparedness and response,All Hazards,Yes 2022,2024,10,50
Niger,Pandemic preparedness and response,COVID-19 specific,Yes 2020,2024,10,49
Niger,Pandemic preparedness and response,Does the country have another pandemic preparedness plan available?,Yes,2024,10,47
Niger,Pandemic preparedness and response,Does the country have an updated national pandemic vaccine deployment plan for Influenza pandemic vaccine,No,2024,10,53
Niger,Pandemic preparedness and response,Does the country have a respiratory pathogen pandemic preparedness plan (PRET)?,No,2024,10,45
Niger,Pandemic preparedness and response,Has the country perfomed a influenza simulation exercise(s) for their pandemic preparedness plan?,No,2024,10,51
Niger,Pandemic preparedness and response,Influenza specific,Yes 2019,2024,10,48
Niger,Pandemic preparedness and response,Year plan Last updated,N/a,2024,10,46
Niger,Pandemic preparedness and response,Year simulation conducted,No,2024,10,52
Niger,Integration of Influenza surveillance and SARS-CoV-2,Does the country report SARS-CoV-2 results to the Flu Net?,Yes,2024,11,26
Niger,Integration of Influenza surveillance and SARS-CoV-2,Has the country integrated influenza and SARS-CoV-2 sentinel surveillance?,Yes,2024,11,54
Niger,Zoonotic Influenza surveillance,Does the country perform surveillance activities at the human-animal interface?,Yes,2024,12,56
Niger,Zoonotic Influenza surveillance,Has the country held an IHR (International Health Regulations) Review?,Yes,2024,12,17
Niger,Zoonotic Influenza surveillance,Has the country performed joint risk assessment?,No,2024,12,57
Niger,Zoonotic Influenza surveillance,"If yes, when",No,2024,12,58
Nigeria,Population and Economy,Life expectancy,54,2024,1,3
Nigeria,Population and Economy,Population,227882945,2024,1,1
Nigeria,Population and Economy,Total Health Expenditure,4.08,2024,1,2
Nigeria,Mortality per 100 000 population,All cause/all ages,1024.5,2024,2,4
Nigeria,Mortality per 1000 live births,All cause/under 5 years,107.2,2024,3,5
Nigeria,Influenza like Illness (ILI) Surveillance,Is laboratory confirmation sought for ILI sentinel surveillance,Yes,2024,4,8
Nigeria,Influenza like Illness (ILI) Surveillance,Numbers of ILI sentinel surveillance sites,10,2024,4,9
Nigeria,Influenza like Illness (ILI) Surveillance,Surveillance case definition used for ILI case ascertainment.,WHO 2014,2024,4,7
Nigeria,Influenza like Illness (ILI) Surveillance,Type of ILI surveillance,Sentinel,2024,4,6
Nigeria,Severe acute respiratory infection (SARI) surveillance,Is laboratory confirmation sought for SARI sentinel surveillance,Yes,2024,5,13
Nigeria,Severe acute respiratory infection (SARI) surveillance,Is there timely all-cause mortality data available in the country?,Yes,2024,5,15
Nigeria,Severe acute respiratory infection (SARI) surveillance,Number of SARI sentinel surveillance sites,10,2024,5,14
Nigeria,Severe acute respiratory infection (SARI) surveillance,Sentinel sites involved in SARI surveillance.,Hospital,2024,5,11
Nigeria,Severe acute respiratory infection (SARI) surveillance,Surveillance case definition used for SARI case ascertainment.,WHO 2014,2024,5,12
Nigeria,Severe acute respiratory infection (SARI) surveillance,Type of SARI surveillance,Sentinel,2024,5,10
Nigeria,Virological surveillance,Antiviral susceptibility testing capability,No,2024,6,65
Nigeria,Virological surveillance,Average number of virological samples processed per week (2024),16,2024,6,32
Nigeria,Virological surveillance,Does the country forward samples to a WHO CC?,Yes,2024,6,28
Nigeria,Virological surveillance,Does the country have a designated National Influenza reference laboratory?,Yes,2024,6,22
Nigeria,Virological surveillance,Does the country have a WHO recognized National Influenza Centre (NIC)?,Yes,2024,6,21
Nigeria,Virological surveillance,Does the country have genomic sequencing capacity?,Yes,2024,6,19
Nigeria,Virological surveillance,Does the country have RT-PCR capacity?,Yes,2024,6,18
Nigeria,Virological surveillance,Does the country test for other respiratory viruses?,Yes,2024,6,20
Nigeria,Virological surveillance,Does the laboratory participate in the External Quality Assurance Panel (EQAP)?,Yes,2024,6,23
Nigeria,Virological surveillance,RT-PCR,Yes,2024,6,24
Nigeria,Virological surveillance,Sequencing capacity,Yes,2024,6,66
Nigeria,Virological surveillance,Type of virological surveillance,Sentinel,2024,6,16
Nigeria,Virological surveillance,Virus Isolation capacity,No,2024,6,25
Nigeria,Data reporting & use,Are epidemiological and virological sentinel surveillance datasets integrated?,Yes,2024,8,34
Nigeria,Data reporting & use,Does the country report to the FluID?,Yes,2024,8,31
Nigeria,Data reporting & use,Does the country report to the FluNet?,Yes,2024,8,33
Nigeria,Data reporting & use,Does the country share virus isolate and clinical specimens with WHO CC,Yes,2024,8,30
Nigeria,Data reporting & use,Does the country use the PISA tool to assess the severity of seasonal influenza?,No,2024,8,35
Nigeria,Data reporting & use,FluNet Reporting Consistency (2023-2024),100,2024,8,2659
Nigeria,Data reporting & use,Has the country performed a burden of disease analysis?,No,2024,8,36
Nigeria,Data reporting & use,Reporting consistency (2023-2024),1,2024,8,61
Nigeria,Data reporting & use,Was it published? If yes provide link,No,2024,8,39
Nigeria,Data reporting & use,What was the estimated burden?,No,2024,8,38
Nigeria,Data reporting & use,What year was it performed?,No,2024,8,37
Nigeria,Vaccination,Does the country have a formal seasonal influenza vaccination policy?,No,2024,9,40
Nigeria,Vaccination,Has seasonal influenza vaccine been introduced in the private sector?,No response,2024,9,42
Nigeria,Vaccination,Has seasonal influenza vaccine been introduced in the public sector? Year introduced;,No response,2024,9,41
Nigeria,Vaccination,What are the recommended risk groups for influenza vaccine?,No response,2024,9,43
Nigeria,Vaccination,Which vaccine formulation is used in the country: Northern/Southern hemisphere vaccine?,No response,2024,9,44
Nigeria,Pandemic preparedness and response,All Hazards,Yes,2024,10,50
Nigeria,Pandemic preparedness and response,COVID-19 specific,Yes,2024,10,49
Nigeria,Pandemic preparedness and response,Does the country have another pandemic preparedness plan available?,Yes,2024,10,47
Nigeria,Pandemic preparedness and response,Does the country have an updated national pandemic vaccine deployment plan for Influenza pandemic vaccine,No,2024,10,53
Nigeria,Pandemic preparedness and response,Does the country have a respiratory pathogen pandemic preparedness plan (PRET)?,Yes,2024,10,45
Nigeria,Pandemic preparedness and response,Has the country perfomed a influenza simulation exercise(s) for their pandemic preparedness plan?,Yes,2024,10,51
Nigeria,Pandemic preparedness and response,Influenza specific,Yes,2024,10,48
Nigeria,Pandemic preparedness and response,Year plan Last updated,2024,2024,10,46
Nigeria,Pandemic preparedness and response,Year simulation conducted,2023,2024,10,52
Nigeria,Integration of Influenza surveillance and SARS-CoV-2,Does the country report SARS-CoV-2 results to the Flu Net?,Yes,2024,11,26
Nigeria,Integration of Influenza surveillance and SARS-CoV-2,Has the country integrated influenza and SARS-CoV-2 sentinel surveillance?,Yes,2024,11,54
Nigeria,Zoonotic Influenza surveillance,Does the country perform surveillance activities at the human-animal interface?,Yes,2024,12,56
Nigeria,Zoonotic Influenza surveillance,Has the country held an IHR (International Health Regulations) Review?,Yes,2024,12,17
Nigeria,Zoonotic Influenza surveillance,Has the country performed joint risk assessment?,Yes,2024,12,57
Nigeria,Zoonotic Influenza surveillance,"If yes, when",2021,2024,12,58
Republic of the Congo,Population and Economy,Life expectancy,63,2024,1,3
Republic of the Congo,Population and Economy,Population,6182885,2024,1,1
Republic of the Congo,Population and Economy,Total Health Expenditure,3.88,2024,1,2
Republic of the Congo,Mortality per 1000 live births,All cause/under 5 years,41.6,2024,3,5
Republic of the Congo,Influenza like Illness (ILI) Surveillance,Is laboratory confirmation sought for ILI sentinel surveillance,N/A,2024,4,8
Republic of the Congo,Influenza like Illness (ILI) Surveillance,Numbers of ILI sentinel surveillance sites,N/A,2024,4,9
Republic of the Congo,Influenza like Illness (ILI) Surveillance,Surveillance case definition used for ILI case ascertainment.,N/a,2024,4,7
Republic of the Congo,Influenza like Illness (ILI) Surveillance,Type of ILI surveillance,No,2024,4,6
Republic of the Congo,Severe acute respiratory infection (SARI) surveillance,Is laboratory confirmation sought for SARI sentinel surveillance,N/A,2024,5,13
Republic of the Congo,Severe acute respiratory infection (SARI) surveillance,Is there timely all-cause mortality data available in the country?,No,2024,5,15
Republic of the Congo,Severe acute respiratory infection (SARI) surveillance,Number of SARI sentinel surveillance sites,N/A,2024,5,14
Republic of the Congo,Severe acute respiratory infection (SARI) surveillance,Sentinel sites involved in SARI surveillance.,N/A,2024,5,11
Republic of the Congo,Severe acute respiratory infection (SARI) surveillance,Surveillance case definition used for SARI case ascertainment.,N/A,2024,5,12
Republic of the Congo,Severe acute respiratory infection (SARI) surveillance,Type of SARI surveillance,No,2024,5,10
Republic of the Congo,Virological surveillance,Antiviral susceptibility testing capability,N/A,2024,6,65
Republic of the Congo,Virological surveillance,Average number of virological samples processed per week (2024),No,2024,6,32
Republic of the Congo,Virological surveillance,Does the country forward samples to a WHO CC?,N/A,2024,6,28
Republic of the Congo,Virological surveillance,Does the country have a designated National Influenza reference laboratory?,No,2024,6,22
Republic of the Congo,Virological surveillance,Does the country have a WHO recognized National Influenza Centre (NIC)?,No,2024,6,21
Republic of the Congo,Virological surveillance,Does the country have genomic sequencing capacity?,No,2024,6,19
Republic of the Congo,Virological surveillance,Does the country have RT-PCR capacity?,Yes,2024,6,18
Republic of the Congo,Virological surveillance,Does the country test for other respiratory viruses?,No,2024,6,20
Republic of the Congo,Virological surveillance,Does the laboratory participate in the External Quality Assurance Panel (EQAP)?,No,2024,6,23
Republic of the Congo,Virological surveillance,RT-PCR,N/A,2024,6,24
Republic of the Congo,Virological surveillance,Sequencing capacity,N/A,2024,6,66
Republic of the Congo,Virological surveillance,Type of virological surveillance,None,2024,6,16
Republic of the Congo,Virological surveillance,Virus Isolation capacity,N/A,2024,6,25
Republic of the Congo,Data reporting & use,Are epidemiological and virological sentinel surveillance datasets integrated?,N/A,2024,8,34
Republic of the Congo,Data reporting & use,Does the country report to the FluID?,N/A,2024,8,31
Republic of the Congo,Data reporting & use,Does the country report to the FluNet?,N/A,2024,8,33
Republic of the Congo,Data reporting & use,Does the country share virus isolate and clinical specimens with WHO CC,No,2024,8,30
Republic of the Congo,Data reporting & use,Does the country use the PISA tool to assess the severity of seasonal influenza?,No,2024,8,35
Republic of the Congo,Data reporting & use,FluID Reporting consistency (2023-2024),0,2024,8,61
Republic of the Congo,Data reporting & use,FluNet Reporting consistency (2023-2024),0,2024,8,2659
Republic of the Congo,Data reporting & use,Has the country performed a burden of disease analysis?,No,2024,8,36
Republic of the Congo,Data reporting & use,Was it published? If yes provide link,N/A,2024,8,39
Republic of the Congo,Data reporting & use,What was the estimated burden?,N/A,2024,8,38
Republic of the Congo,Data reporting & use,What year was it performed?,N/A,2024,8,37
Republic of the Congo,Vaccination,Does the country have a formal seasonal influenza vaccination policy?,No,2024,9,40
Republic of the Congo,Vaccination,Has seasonal influenza vaccine been introduced in the private sector?,No,2024,9,42
Republic of the Congo,Vaccination,Has seasonal influenza vaccine been introduced in the public sector? Year introduced;,In progress,2024,9,41
Republic of the Congo,Vaccination,What are the recommended risk groups for influenza vaccine?,No,2024,9,43
Republic of the Congo,Vaccination,Which vaccine formulation is used in the country: Northern/Southern hemisphere vaccine?,No,2024,9,44
Republic of the Congo,Pandemic preparedness and response,All Hazards,No response,2024,10,50
Republic of the Congo,Pandemic preparedness and response,COVID-19 specific,Yes,2024,10,49
Republic of the Congo,Pandemic preparedness and response,Does the country have another pandemic preparedness plan available?,Yes,2024,10,47
Republic of the Congo,Pandemic preparedness and response,Does the country have an updated national pandemic vaccine deployment plan for Influenza pandemic vaccine,No,2024,10,53
Republic of the Congo,Pandemic preparedness and response,Does the country have a respiratory pathogen pandemic preparedness plan (PRET)?,In progress,2024,10,45
Republic of the Congo,Pandemic preparedness and response,Has the country perfomed a influenza simulation exercise(s) for their pandemic preparedness plan?,No,2024,10,51
Republic of the Congo,Pandemic preparedness and response,Influenza specific,No response,2024,10,48
Republic of the Congo,Pandemic preparedness and response,Year plan Last updated,Draft,2024,10,46
Republic of the Congo,Pandemic preparedness and response,Year simulation conducted,No,2024,10,52
Republic of the Congo,Integration of Influenza surveillance and SARS-CoV-2,Does the country report SARS-CoV-2 results to the Flu Net?,No,2024,11,26
Republic of the Congo,Integration of Influenza surveillance and SARS-CoV-2,Has the country integrated influenza and SARS-CoV-2 sentinel surveillance?,No,2024,11,54
Republic of the Congo,Zoonotic Influenza surveillance,Does the country  conduct meetings at the human-animal interface?,Yes,2024,12,56
Republic of the Congo,Zoonotic Influenza surveillance,Has the country held an IHR (International Health Regulations) Review?,No,2024,12,17
Republic of the Congo,Zoonotic Influenza surveillance,Has the country performed joint risk assessment?,No,2024,12,57
Republic of the Congo,Zoonotic Influenza surveillance,"If yes, when",N/A,2024,12,58
Rwanda,Population and Economy,Life expectancy,67,2024,1,3
Rwanda,Population and Economy,Population,13954471,2024,1,1
Rwanda,Population and Economy,Total Health Expenditure,7.32,2024,1,2
Rwanda,Mortality per 100 000 population,All cause/all ages,987.9,2024,2,4
Rwanda,Mortality per 1000 live births,All cause/under 5 years,38,2024,3,5
Rwanda,Influenza like Illness (ILI) Surveillance,Is laboratory confirmation sought for ILI sentinel surveillance,Yes,2024,4,8
Rwanda,Influenza like Illness (ILI) Surveillance,Numbers of ILI sentinel surveillance sites,6,2024,4,9
Rwanda,Influenza like Illness (ILI) Surveillance,Surveillance case definition used for ILI case ascertainment.,WHO 2014,2024,4,7
Rwanda,Influenza like Illness (ILI) Surveillance,Type of ILI surveillance,Sentinel,2024,4,6
Rwanda,Severe acute respiratory infection (SARI) surveillance,Is laboratory confirmation sought for SARI sentinel surveillance,Yes,2024,5,13
Rwanda,Severe acute respiratory infection (SARI) surveillance,Is there timely all-cause mortality data available in the country?,Yes,2024,5,15
Rwanda,Severe acute respiratory infection (SARI) surveillance,Number of SARI sentinel surveillance sites,6,2024,5,14
Rwanda,Severe acute respiratory infection (SARI) surveillance,Sentinel sites involved in SARI surveillance.,Hospital,2024,5,11
Rwanda,Severe acute respiratory infection (SARI) surveillance,Surveillance case definition used for SARI case ascertainment.,WHO 2014,2024,5,12
Rwanda,Severe acute respiratory infection (SARI) surveillance,Type of SARI surveillance,Sentinel,2024,5,10
Rwanda,Virological surveillance,Antiviral susceptibility testing capability,No,2024,6,65
Rwanda,Virological surveillance,Average number of virological samples processed per week (2024),29,2024,6,32
Rwanda,Virological surveillance,Does the country forward samples to a WHO CC?,No,2024,6,28
Rwanda,Virological surveillance,Does the country have a designated National Influenza reference laboratory?,Yes,2024,6,22
Rwanda,Virological surveillance,Does the country have a WHO recognized National Influenza Centre (NIC)?,No,2024,6,21
Rwanda,Virological surveillance,Does the country have genomic sequencing capacity?,Yes,2024,6,19
Rwanda,Virological surveillance,Does the country have RT-PCR capacity?,Yes,2024,6,18
Rwanda,Virological surveillance,Does the country test for other respiratory viruses?,Yes,2024,6,20
Rwanda,Virological surveillance,Does the laboratory participate in the External Quality Assurance Panel (EQAP)?,No,2024,6,23
Rwanda,Virological surveillance,RT-PCR,Yes,2024,6,24
Rwanda,Virological surveillance,Sequencing capacity,Yes,2024,6,66
Rwanda,Virological surveillance,Type of virological surveillance,Sentinel,2024,6,16
Rwanda,Virological surveillance,Virus Isolation capacity,No,2024,6,25
Rwanda,Data reporting & use,Are epidemiological and virological sentinel surveillance datasets integrated?,Yes,2024,8,34
Rwanda,Data reporting & use,Does the country report to the FluID?,No,2024,8,31
Rwanda,Data reporting & use,Does the country report to the FluNet?,Yes,2024,8,33
Rwanda,Data reporting & use,Does the country share virus isolate and clinical specimens with WHO CC,No,2024,8,30
Rwanda,Data reporting & use,Does the country use the PISA tool to assess the severity of seasonal influenza?,No,2024,8,35
Rwanda,Data reporting & use,FluNet Reporting Consistency (2023-2024),100,2024,8,2659
Rwanda,Data reporting & use,Has the country performed a burden of disease analysis?,Yes,2024,8,36
Rwanda,Data reporting & use,Reporting consistency (2023-2024),1,2024,8,61
Rwanda,Data reporting & use,Was it published? If yes provide link,https://pubmed.ncbi.nlm.nih.gov/29197152/,2024,8,39
Rwanda,Data reporting & use,What was the estimated burden?,N/A,2024,8,38
Rwanda,Data reporting & use,What year was it performed?,2018,2024,8,37
Rwanda,Vaccination,Does the country have a formal seasonal influenza vaccination policy?,No,2024,9,40
Rwanda,Vaccination,Has seasonal influenza vaccine been introduced in the private sector?,No response,2024,9,42
Rwanda,Vaccination,Has seasonal influenza vaccine been introduced in the public sector? Year introduced;,No response,2024,9,41
Rwanda,Vaccination,What are the recommended risk groups for influenza vaccine?,No response,2024,9,43
Rwanda,Vaccination,Which vaccine formulation is used in the country: Northern/Southern hemisphere vaccine?,No response,2024,9,44
Rwanda,Pandemic preparedness and response,All Hazards,Yes,2024,10,50
Rwanda,Pandemic preparedness and response,COVID-19 specific,No,2024,10,49
Rwanda,Pandemic preparedness and response,Does the country have another pandemic preparedness plan available?,Yes,2024,10,47
Rwanda,Pandemic preparedness and response,Does the country have an updated national pandemic vaccine deployment plan for Influenza pandemic vaccine,No,2024,10,53
Rwanda,Pandemic preparedness and response,Does the country have a respiratory pathogen pandemic preparedness plan (PRET)?,In progress,2024,10,45
Rwanda,Pandemic preparedness and response,Has the country perfomed a influenza simulation exercise(s) for their pandemic preparedness plan?,No,2024,10,51
Rwanda,Pandemic preparedness and response,Influenza specific,No,2024,10,48
Rwanda,Pandemic preparedness and response,Year plan Last updated,Draft,2024,10,46
Rwanda,Pandemic preparedness and response,Year simulation conducted,No,2024,10,52
Rwanda,Integration of Influenza surveillance and SARS-CoV-2,Does the country report SARS-CoV-2 results to the Flu Net?,Yes,2024,11,26
Rwanda,Integration of Influenza surveillance and SARS-CoV-2,Has the country integrated influenza and SARS-CoV-2 sentinel surveillance?,Yes,2024,11,54
Rwanda,Zoonotic Influenza surveillance,Does the country perform surveillance activities at the human-animal interface?,Yes,2024,12,56
Rwanda,Zoonotic Influenza surveillance,Has the country held an IHR (International Health Regulations) Review?,No,2024,12,17
Rwanda,Zoonotic Influenza surveillance,Has the country performed joint risk assessment?,Yes,2024,12,57
Rwanda,Zoonotic Influenza surveillance,"If yes, when",2019,2024,12,58
Sao Tome and Principe,Population and Economy,Life expectancy,69,2024,1,3
Sao Tome and Principe,Population and Economy,Population,230871,2024,1,1
Sao Tome and Principe,Population and Economy,Total Health Expenditure,7.83,2024,1,2
Sao Tome and Principe,Mortality per 100 000 population,All cause/all ages,877.9,2024,2,4
Sao Tome and Principe,Mortality per 1000 live births,All cause/under 5 years,14.5,2024,3,5
Sao Tome and Principe,Influenza like Illness (ILI) Surveillance,Is laboratory confirmation sought for ILI sentinel surveillance,No,2024,4,8
Sao Tome and Principe,Influenza like Illness (ILI) Surveillance,Numbers of ILI sentinel surveillance sites,No,2024,4,9
Sao Tome and Principe,Influenza like Illness (ILI) Surveillance,Surveillance case definition used for ILI case ascertainment.,No,2024,4,7
Sao Tome and Principe,Influenza like Illness (ILI) Surveillance,Type of ILI surveillance,No,2024,4,6
Sao Tome and Principe,Severe acute respiratory infection (SARI) surveillance,Is laboratory confirmation sought for SARI sentinel surveillance,No,2024,5,13
Sao Tome and Principe,Severe acute respiratory infection (SARI) surveillance,Is there timely all-cause mortality data available in the country?,No response,2024,5,15
Sao Tome and Principe,Severe acute respiratory infection (SARI) surveillance,Number of SARI sentinel surveillance sites,No,2024,5,14
Sao Tome and Principe,Severe acute respiratory infection (SARI) surveillance,Sentinel sites involved in SARI surveillance.,No,2024,5,11
Sao Tome and Principe,Severe acute respiratory infection (SARI) surveillance,Surveillance case definition used for SARI case ascertainment.,No,2024,5,12
Sao Tome and Principe,Severe acute respiratory infection (SARI) surveillance,Type of SARI surveillance,No,2024,5,10
Sao Tome and Principe,Virological surveillance,Antiviral susceptibility testing capability,No,2024,6,65
Sao Tome and Principe,Virological surveillance,Average number of virological samples processed per week (2024),0,2024,6,32
Sao Tome and Principe,Virological surveillance,Does the country forward samples to a WHO CC?,N/A,2024,6,28
Sao Tome and Principe,Virological surveillance,Does the country have a designated National Influenza reference laboratory?,No,2024,6,22
Sao Tome and Principe,Virological surveillance,Does the country have a WHO recognized National Influenza Centre (NIC)?,No,2024,6,21
Sao Tome and Principe,Virological surveillance,Does the country have genomic sequencing capacity?,Yes,2024,6,19
Sao Tome and Principe,Virological surveillance,Does the country have RT-PCR capacity?,Yes,2024,6,18
Sao Tome and Principe,Virological surveillance,Does the country test for other respiratory viruses?,N/A,2024,6,20
Sao Tome and Principe,Virological surveillance,Does the laboratory participate in the External Quality Assurance Panel (EQAP)?,No,2024,6,23
Sao Tome and Principe,Virological surveillance,RT-PCR,Yes,2024,6,24
Sao Tome and Principe,Virological surveillance,Sequencing capacity,No,2024,6,66
Sao Tome and Principe,Virological surveillance,Type of virological surveillance,No,2024,6,16
Sao Tome and Principe,Virological surveillance,Virus Isolation capacity,N/A,2024,6,25
Sao Tome and Principe,Data reporting & use,Are epidemiological and virological sentinel surveillance datasets integrated?,No,2024,8,34
Sao Tome and Principe,Data reporting & use,Does the country report to the FluID?,No,2024,8,31
Sao Tome and Principe,Data reporting & use,Does the country report to the FluNet?,No,2024,8,33
Sao Tome and Principe,Data reporting & use,Does the country share virus isolate and clinical specimens with WHO CC,No,2024,8,30
Sao Tome and Principe,Data reporting & use,Does the country use the PISA tool to assess the severity of seasonal influenza?,No,2024,8,35
Sao Tome and Principe,Data reporting & use,FluID Reporting consistency (2023-2024),No,2024,8,61
Sao Tome and Principe,Data reporting & use,FluNet Reporting Consistency (2023-2024),0,2024,8,2659
Sao Tome and Principe,Data reporting & use,Has the country performed a burden of disease analysis?,No,2024,8,36
Sao Tome and Principe,Data reporting & use,Was it published? If yes provide link,No,2024,8,39
Sao Tome and Principe,Data reporting & use,What was the estimated burden?,No,2024,8,38
Sao Tome and Principe,Data reporting & use,What year was it performed?,No,2024,8,37
Sao Tome and Principe,Vaccination,Does the country have a formal seasonal influenza vaccination policy?,No,2024,9,40
Sao Tome and Principe,Vaccination,Has seasonal influenza vaccine been introduced in the private sector?,No response,2024,9,42
Sao Tome and Principe,Vaccination,Has seasonal influenza vaccine been introduced in the public sector? Year introduced;,No response,2024,9,41
Sao Tome and Principe,Vaccination,What are the recommended risk groups for influenza vaccine?,No response,2024,9,43
Sao Tome and Principe,Vaccination,Which vaccine formulation is used in the country: Northern/Southern hemisphere vaccine?,No response,2024,9,44
Sao Tome and Principe,Pandemic preparedness and response,All Hazards,No response,2024,10,50
Sao Tome and Principe,Pandemic preparedness and response,COVID-19 specific,No response,2024,10,49
Sao Tome and Principe,Pandemic preparedness and response,Does the country have another pandemic preparedness plan available?,No response,2024,10,47
Sao Tome and Principe,Pandemic preparedness and response,Does the country have an updated national pandemic vaccine deployment plan for Influenza pandemic vaccine,N/A,2024,10,53
Sao Tome and Principe,Pandemic preparedness and response,Does the country have a respiratory pathogen pandemic preparedness plan (PRET)?,In progress,2024,10,45
Sao Tome and Principe,Pandemic preparedness and response,Has the country perfomed a influenza simulation exercise(s) for their pandemic preparedness plan?,No,2024,10,51
Sao Tome and Principe,Pandemic preparedness and response,Influenza specific,No response,2024,10,48
Sao Tome and Principe,Pandemic preparedness and response,Year plan Last updated,Draft (2024),2024,10,46
Sao Tome and Principe,Pandemic preparedness and response,Year simulation conducted,No,2024,10,52
Sao Tome and Principe,Integration of Influenza surveillance and SARS-CoV-2,Does the country report SARS-CoV-2 results to the Flu Net?,No,2024,11,26
Sao Tome and Principe,Integration of Influenza surveillance and SARS-CoV-2,Has the country integrated influenza and SARS-CoV-2 sentinel surveillance?,No,2024,11,54
Sao Tome and Principe,Zoonotic Influenza surveillance,Does the country perform surveillance activities at the human-animal interface?,Yes,2024,12,56
Sao Tome and Principe,Zoonotic Influenza surveillance,Has the country held an IHR (International Health Regulations) Review?,No,2024,12,17
Sao Tome and Principe,Zoonotic Influenza surveillance,Has the country performed joint risk assessment?,No,2024,12,57
Sao Tome and Principe,Zoonotic Influenza surveillance,"If yes, when",No,2024,12,58
Senegal,Population and Economy,Life expectancy,68,2024,1,3
Senegal,Population and Economy,Population,18077573,2024,1,1
Senegal,Population and Economy,Total Health Expenditure,4.35,2024,1,2
Senegal,Mortality per 100 000 population,All cause/all ages,1025.5,2024,2,4
Senegal,Mortality per 1000 live births,All cause/under 5 years,37,2024,3,5
Senegal,Influenza like Illness (ILI) Surveillance,Is laboratory confirmation sought for ILI sentinel surveillance,Yes,2024,4,8
Senegal,Influenza like Illness (ILI) Surveillance,Numbers of ILI sentinel surveillance sites,28,2024,4,9
Senegal,Influenza like Illness (ILI) Surveillance,Surveillance case definition used for ILI case ascertainment.,WHO 2014,2024,4,7
Senegal,Influenza like Illness (ILI) Surveillance,Type of ILI surveillance,Sentinel,2024,4,6
Senegal,Severe acute respiratory infection (SARI) surveillance,Is laboratory confirmation sought for SARI sentinel surveillance,Yes,2024,5,13
Senegal,Severe acute respiratory infection (SARI) surveillance,Is there timely all-cause mortality data available in the country?,Yes,2024,5,15
Senegal,Severe acute respiratory infection (SARI) surveillance,Number of SARI sentinel surveillance sites,7,2024,5,14
Senegal,Severe acute respiratory infection (SARI) surveillance,Sentinel sites involved in SARI surveillance.,Hospital,2024,5,11
Senegal,Severe acute respiratory infection (SARI) surveillance,Surveillance case definition used for SARI case ascertainment.,WHO 2014,2024,5,12
Senegal,Severe acute respiratory infection (SARI) surveillance,Type of SARI surveillance,Sentinel,2024,5,10
Senegal,Virological surveillance,Antiviral susceptibility testing capability,Yes,2024,6,65
Senegal,Virological surveillance,Average number of virological samples processed per week (2024),113,2024,6,32
Senegal,Virological surveillance,Does the country forward samples to a WHO CC?,Yes,2024,6,28
Senegal,Virological surveillance,Does the country have a designated National Influenza reference laboratory?,Yes,2024,6,22
Senegal,Virological surveillance,Does the country have a WHO recognized National Influenza Centre (NIC)?,Yes,2024,6,21
Senegal,Virological surveillance,Does the country have genomic sequencing capacity?,Yes,2024,6,19
Senegal,Virological surveillance,Does the country have RT-PCR capacity?,Yes,2024,6,18
Senegal,Virological surveillance,Does the country test for other respiratory viruses?,Yes,2024,6,20
Senegal,Virological surveillance,Does the laboratory participate in the External Quality Assurance Panel (EQAP)?,Yes,2024,6,23
Senegal,Virological surveillance,RT-PCR,Yes,2024,6,24
Senegal,Virological surveillance,Sequencing capacity,Yes,2024,6,66
Senegal,Virological surveillance,Type of virological surveillance,Sentinel,2024,6,16
Senegal,Virological surveillance,Virus Isolation capacity,Yes,2024,6,25
Senegal,Data reporting & use,Are epidemiological and virological sentinel surveillance datasets integrated?,Yes,2024,8,34
Senegal,Data reporting & use,Does the country report to the FluID?,Yes,2024,8,31
Senegal,Data reporting & use,Does the country report to the FluNet?,Yes,2024,8,33
Senegal,Data reporting & use,Does the country share virus isolate and clinical specimens with WHO CC,Yes,2024,8,30
Senegal,Data reporting & use,Does the country use the PISA tool to assess the severity of seasonal influenza?,No,2024,8,35
Senegal,Data reporting & use,FluNet Reporting Consistency (2023-2024),100,2024,8,2659
Senegal,Data reporting & use,Has the country performed a burden of disease analysis?,In progress,2024,8,36
Senegal,Data reporting & use,Reporting consistency (2023-2024),1,2024,8,61
Senegal,Data reporting & use,Was it published? If yes provide link,No,2024,8,39
Senegal,Data reporting & use,What was the estimated burden?,No,2024,8,38
Senegal,Data reporting & use,What year was it performed?,No,2024,8,37
Senegal,Vaccination,Does the country have a formal seasonal influenza vaccination policy?,No,2024,9,40
Senegal,Vaccination,Has seasonal influenza vaccine been introduced in the private sector?,No response,2024,9,42
Senegal,Vaccination,Has seasonal influenza vaccine been introduced in the public sector? Year introduced;,No response,2024,9,41
Senegal,Vaccination,What are the recommended risk groups for influenza vaccine?,No response,2024,9,43
Senegal,Vaccination,Which vaccine formulation is used in the country: Northern/Southern hemisphere vaccine?,No response,2024,9,44
Senegal,Pandemic preparedness and response,All Hazards,No response,2024,10,50
Senegal,Pandemic preparedness and response,COVID-19 specific,No response,2024,10,49
Senegal,Pandemic preparedness and response,Does the country have another pandemic preparedness plan available?,Yes,2024,10,47
Senegal,Pandemic preparedness and response,Does the country have an updated national pandemic vaccine deployment plan for Influenza pandemic vaccine,No,2024,10,53
Senegal,Pandemic preparedness and response,Does the country have a respiratory pathogen pandemic preparedness plan (PRET)?,No,2024,10,45
Senegal,Pandemic preparedness and response,Has the country perfomed a influenza simulation exercise(s) for their pandemic preparedness plan?,No response,2024,10,51
Senegal,Pandemic preparedness and response,Influenza specific,Yes 2010,2024,10,48
Senegal,Pandemic preparedness and response,Year plan Last updated,N/a,2024,10,46
Senegal,Pandemic preparedness and response,Year simulation conducted,No response,2024,10,52
Senegal,Integration of Influenza surveillance and SARS-CoV-2,Does the country report SARS-CoV-2 results to the Flu Net?,Yes,2024,11,26
Senegal,Integration of Influenza surveillance and SARS-CoV-2,Has the country integrated influenza and SARS-CoV-2 sentinel surveillance?,Yes,2024,11,54
Senegal,Zoonotic Influenza surveillance,Does the country perform surveillance activities at the human-animal interface?,Yes,2024,12,56
Senegal,Zoonotic Influenza surveillance,Has the country held an IHR (International Health Regulations) Review?,Yes,2024,12,17
Senegal,Zoonotic Influenza surveillance,Has the country performed joint risk assessment?,Yes,2024,12,57
Senegal,Zoonotic Influenza surveillance,"If yes, when",2021,2024,12,58
Seychelles,Population and Economy,Life expectancy,74,2024,1,3
Seychelles,Population and Economy,Population,119773,2024,1,1
Seychelles,Population and Economy,Total Health Expenditure,5.26,2024,1,2
Seychelles,Mortality per 100 000 population,All cause/all ages,711.2,2024,2,4
Seychelles,Mortality per 1000 live births,All cause/under 5 years,14.5,2024,3,5
Seychelles,Influenza like Illness (ILI) Surveillance,Is laboratory confirmation sought for ILI sentinel surveillance,Yes,2024,4,8
Seychelles,Influenza like Illness (ILI) Surveillance,Numbers of ILI sentinel surveillance sites,6,2024,4,9
Seychelles,Influenza like Illness (ILI) Surveillance,Surveillance case definition used for ILI case ascertainment.,IDSR 3rd Edition,2024,4,7
Seychelles,Influenza like Illness (ILI) Surveillance,Type of ILI surveillance,Sentinel,2024,4,6
Seychelles,Severe acute respiratory infection (SARI) surveillance,Is laboratory confirmation sought for SARI sentinel surveillance,No,2024,5,13
Seychelles,Severe acute respiratory infection (SARI) surveillance,Is there timely all-cause mortality data available in the country?,No response,2024,5,15
Seychelles,Severe acute respiratory infection (SARI) surveillance,Number of SARI sentinel surveillance sites,1,2024,5,14
Seychelles,Severe acute respiratory infection (SARI) surveillance,Sentinel sites involved in SARI surveillance.,Hospital,2024,5,11
Seychelles,Severe acute respiratory infection (SARI) surveillance,Surveillance case definition used for SARI case ascertainment.,IDSR 3rd Edition,2024,5,12
Seychelles,Severe acute respiratory infection (SARI) surveillance,Type of SARI surveillance,Sentinel,2024,5,10
Seychelles,Virological surveillance,Antiviral susceptibility testing capability,No,2024,6,65
Seychelles,Virological surveillance,Average number of virological samples processed per week (2024),0,2024,6,32
Seychelles,Virological surveillance,Does the country forward samples to a WHO CC?,No,2024,6,28
Seychelles,Virological surveillance,Does the country have a designated National Influenza reference laboratory?,Yes,2024,6,22
Seychelles,Virological surveillance,Does the country have a WHO recognized National Influenza Centre (NIC)?,No,2024,6,21
Seychelles,Virological surveillance,Does the country have genomic sequencing capacity?,No response,2024,6,19
Seychelles,Virological surveillance,Does the country have RT-PCR capacity?,Yes,2024,6,18
Seychelles,Virological surveillance,Does the country test for other respiratory viruses?,Yes,2024,6,20
Seychelles,Virological surveillance,Does the laboratory participate in the External Quality Assurance Panel (EQAP)?,Yes,2024,6,23
Seychelles,Virological surveillance,RT-PCR,Yes,2024,6,24
Seychelles,Virological surveillance,Sequencing capacity,No,2024,6,66
Seychelles,Virological surveillance,Type of virological surveillance,Sentinel,2024,6,16
Seychelles,Virological surveillance,Virus Isolation capacity,No,2024,6,25
Seychelles,Data reporting & use,Are epidemiological and virological sentinel surveillance datasets integrated?,No,2024,8,34
Seychelles,Data reporting & use,Does the country report to the FluID?,No,2024,8,31
Seychelles,Data reporting & use,Does the country report to the FluNet?,Yes,2024,8,33
Seychelles,Data reporting & use,Does the country share virus isolate and clinical specimens with WHO CC,No,2024,8,30
Seychelles,Data reporting & use,Does the country use the PISA tool to assess the severity of seasonal influenza?,No,2024,8,35
Seychelles,Data reporting & use,FluNet Reporting Consistency (2023-2024),100,2024,8,2659
Seychelles,Data reporting & use,Has the country performed a burden of disease analysis?,N/A,2024,8,36
Seychelles,Data reporting & use,Reporting consistency (2023-2024),1,2024,8,61
Seychelles,Data reporting & use,Was it published? If yes provide link,N/A,2024,8,39
Seychelles,Data reporting & use,What was the estimated burden?,N/A,2024,8,38
Seychelles,Data reporting & use,What year was it performed?,N/A,2024,8,37
Seychelles,Vaccination,Does the country have a formal seasonal influenza vaccination policy?,No,2024,9,40
Seychelles,Vaccination,Has seasonal influenza vaccine been introduced in the private sector?,No response,2024,9,42
Seychelles,Vaccination,Has seasonal influenza vaccine been introduced in the public sector? Year introduced;,No response,2024,9,41
Seychelles,Vaccination,What are the recommended risk groups for influenza vaccine?,No response,2024,9,43
Seychelles,Vaccination,Which vaccine formulation is used in the country: Northern/Southern hemisphere vaccine?,No response,2024,9,44
Seychelles,Pandemic preparedness and response,All Hazards,No response,2024,10,50
Seychelles,Pandemic preparedness and response,COVID-19 specific,No response,2024,10,49
Seychelles,Pandemic preparedness and response,Does the country have another pandemic preparedness plan available?,No response,2024,10,47
Seychelles,Pandemic preparedness and response,Does the country have an updated national pandemic vaccine deployment plan for Influenza pandemic vaccine,No,2024,10,53
Seychelles,Pandemic preparedness and response,Does the country have a respiratory pathogen pandemic preparedness plan (PRET)?,No,2024,10,45
Seychelles,Pandemic preparedness and response,Has the country perfomed a influenza simulation exercise(s) for their pandemic preparedness plan?,No,2024,10,51
Seychelles,Pandemic preparedness and response,Influenza specific,No response,2024,10,48
Seychelles,Pandemic preparedness and response,Year plan Last updated,N/A,2024,10,46
Seychelles,Pandemic preparedness and response,Year simulation conducted,No,2024,10,52
Seychelles,Integration of Influenza surveillance and SARS-CoV-2,Does the country report SARS-CoV-2 results to the Flu Net?,No,2024,11,26
Seychelles,Integration of Influenza surveillance and SARS-CoV-2,Has the country integrated influenza and SARS-CoV-2 sentinel surveillance?,Yes,2024,11,54
Seychelles,Zoonotic Influenza surveillance,Does the country perform surveillance activities at the human-animal interface?,Yes,2024,12,56
Seychelles,Zoonotic Influenza surveillance,Has the country held an IHR (International Health Regulations) Review?,No,2024,12,17
Seychelles,Zoonotic Influenza surveillance,Has the country performed joint risk assessment?,No,2024,12,57
Seychelles,Zoonotic Influenza surveillance,"If yes, when",No,2024,12,58
Sierra Leone,Population and Economy,Life expectancy,60,2024,1,3
Sierra Leone,Population and Economy,Population,8460512,2024,1,1
Sierra Leone,Population and Economy,Total Health Expenditure,8.55,2024,1,2
Sierra Leone,Mortality per 100 000 population,All cause/all ages,1214.5,2024,2,4
Sierra Leone,Mortality per 1000 live births,All cause/under 5 years,100.8,2024,3,5
Sierra Leone,Influenza like Illness (ILI) Surveillance,Is laboratory confirmation sought for ILI sentinel surveillance,Yes,2024,4,8
Sierra Leone,Influenza like Illness (ILI) Surveillance,Numbers of ILI sentinel surveillance sites,10,2024,4,9
Sierra Leone,Influenza like Illness (ILI) Surveillance,Surveillance case definition used for ILI case ascertainment.,IDSR 3rd Edition,2024,4,7
Sierra Leone,Influenza like Illness (ILI) Surveillance,Type of ILI surveillance,Sentinel,2024,4,6
Sierra Leone,Severe acute respiratory infection (SARI) surveillance,Is laboratory confirmation sought for SARI sentinel surveillance,No,2024,5,13
Sierra Leone,Severe acute respiratory infection (SARI) surveillance,Is there timely all-cause mortality data available in the country?,Yes,2024,5,15
Sierra Leone,Severe acute respiratory infection (SARI) surveillance,Number of SARI sentinel surveillance sites,9,2024,5,14
Sierra Leone,Severe acute respiratory infection (SARI) surveillance,Sentinel sites involved in SARI surveillance.,Hospital,2024,5,11
Sierra Leone,Severe acute respiratory infection (SARI) surveillance,Surveillance case definition used for SARI case ascertainment.,IDSR 3rd Edition,2024,5,12
Sierra Leone,Severe acute respiratory infection (SARI) surveillance,Type of SARI surveillance,Sentinel,2024,5,10
Sierra Leone,Virological surveillance,Antiviral susceptibility testing capability,No,2024,6,65
Sierra Leone,Virological surveillance,Average number of virological samples processed per week (2024),5,2024,6,32
Sierra Leone,Virological surveillance,Does the country forward samples to a WHO CC?,No,2024,6,28
Sierra Leone,Virological surveillance,Does the country have a designated National Influenza reference laboratory?,Yes,2024,6,22
Sierra Leone,Virological surveillance,Does the country have a WHO recognized National Influenza Centre (NIC)?,No,2024,6,21
Sierra Leone,Virological surveillance,Does the country have genomic sequencing capacity?,Yes,2024,6,19
Sierra Leone,Virological surveillance,Does the country have RT-PCR capacity?,Yes,2024,6,18
Sierra Leone,Virological surveillance,Does the country test for other respiratory viruses?,Yes,2024,6,20
Sierra Leone,Virological surveillance,Does the laboratory participate in the External Quality Assurance Panel (EQAP)?,Yes,2024,6,23
Sierra Leone,Virological surveillance,RT-PCR,Yes,2024,6,24
Sierra Leone,Virological surveillance,Sequencing capacity,No,2024,6,66
Sierra Leone,Virological surveillance,Type of virological surveillance,Sentinel,2024,6,16
Sierra Leone,Virological surveillance,Virus Isolation capacity,No,2024,6,25
Sierra Leone,Data reporting & use,Are epidemiological and virological sentinel surveillance datasets integrated?,No,2024,8,34
Sierra Leone,Data reporting & use,Does the country report to the FluID?,No,2024,8,31
Sierra Leone,Data reporting & use,Does the country report to the FluNet?,Yes,2024,8,33
Sierra Leone,Data reporting & use,Does the country share virus isolate and clinical specimens with WHO CC,No,2024,8,30
Sierra Leone,Data reporting & use,Does the country use the PISA tool to assess the severity of seasonal influenza?,No,2024,8,35
Sierra Leone,Data reporting & use,FluNet Reporting Consistency (2023-2024),99,2024,8,2659
Sierra Leone,Data reporting & use,Has the country performed a burden of disease analysis?,No,2024,8,36
Sierra Leone,Data reporting & use,Reporting consistency (2023-2024),0.99,2024,8,61
Sierra Leone,Data reporting & use,Was it published? If yes provide link,No,2024,8,39
Sierra Leone,Data reporting & use,What was the estimated burden?,No,2024,8,38
Sierra Leone,Data reporting & use,What year was it performed?,No,2024,8,37
Sierra Leone,Vaccination,Does the country have a formal seasonal influenza vaccination policy?,No,2024,9,40
Sierra Leone,Vaccination,Has seasonal influenza vaccine been introduced in the private sector?,No response,2024,9,42
Sierra Leone,Vaccination,Has seasonal influenza vaccine been introduced in the public sector? Year introduced;,No,2024,9,41
Sierra Leone,Vaccination,What are the recommended risk groups for influenza vaccine?,No response,2024,9,43
Sierra Leone,Vaccination,Which vaccine formulation is used in the country: Northern/Southern hemisphere vaccine?,No response,2024,9,44
Sierra Leone,Pandemic preparedness and response,All Hazards,Yes 2019,2024,10,50
Sierra Leone,Pandemic preparedness and response,COVID-19 specific,Yes 2020,2024,10,49
Sierra Leone,Pandemic preparedness and response,Does the country have another pandemic preparedness plan available?,Yes,2024,10,47
Sierra Leone,Pandemic preparedness and response,Does the country have an updated national pandemic vaccine deployment plan for Influenza pandemic vaccine,No,2024,10,53
Sierra Leone,Pandemic preparedness and response,Does the country have a respiratory pathogen pandemic preparedness plan (PRET)?,No,2024,10,45
Sierra Leone,Pandemic preparedness and response,Has the country perfomed a influenza simulation exercise(s) for their pandemic preparedness plan?,No,2024,10,51
Sierra Leone,Pandemic preparedness and response,Influenza specific,Yes 2019,2024,10,48
Sierra Leone,Pandemic preparedness and response,Year plan Last updated,No,2024,10,46
Sierra Leone,Pandemic preparedness and response,Year simulation conducted,No,2024,10,52
Sierra Leone,Integration of Influenza surveillance and SARS-CoV-2,Does the country report SARS-CoV-2 results to the Flu Net?,Yes,2024,11,26
Sierra Leone,Integration of Influenza surveillance and SARS-CoV-2,Has the country integrated influenza and SARS-CoV-2 sentinel surveillance?,Yes,2024,11,54
Sierra Leone,Zoonotic Influenza surveillance,Does the country perform surveillance activities at the human-animal interface?,Yes,2024,12,56
Sierra Leone,Zoonotic Influenza surveillance,Has the country held an IHR (International Health Regulations) Review?,Yes,2024,12,17
Sierra Leone,Zoonotic Influenza surveillance,Has the country performed joint risk assessment?,Yes,2024,12,57
Sierra Leone,Zoonotic Influenza surveillance,"If yes, when",2021,2024,12,58
South Africa,Population and Economy,Life expectancy,61,2024,1,3
South Africa,Population and Economy,Population,63212384,2024,1,1
South Africa,Population and Economy,Total Health Expenditure,8.27,2024,1,2
South Africa,Mortality per 100 000 population,All cause/all ages,1441.7,2024,2,4
South Africa,Mortality per 1000 live births,All cause/under 5 years,34.5,2024,3,5
South Africa,Influenza like Illness (ILI) Surveillance,Is laboratory confirmation sought for ILI sentinel surveillance,Yes,2024,4,8
South Africa,Influenza like Illness (ILI) Surveillance,Numbers of ILI sentinel surveillance sites,5,2024,4,9
South Africa,Influenza like Illness (ILI) Surveillance,Surveillance case definition used for ILI case ascertainment.,WHO 2014,2024,4,7
South Africa,Influenza like Illness (ILI) Surveillance,Type of ILI surveillance,Sentinel,2024,4,6
South Africa,Severe acute respiratory infection (SARI) surveillance,Is laboratory confirmation sought for SARI sentinel surveillance,Yes,2024,5,13
South Africa,Severe acute respiratory infection (SARI) surveillance,Is there timely all-cause mortality data available in the country?,Yes,2024,5,15
South Africa,Severe acute respiratory infection (SARI) surveillance,Number of SARI sentinel surveillance sites,9,2024,5,14
South Africa,Severe acute respiratory infection (SARI) surveillance,Sentinel sites involved in SARI surveillance.,Hospital,2024,5,11
South Africa,Severe acute respiratory infection (SARI) surveillance,Surveillance case definition used for SARI case ascertainment.,WHO 2014,2024,5,12
South Africa,Severe acute respiratory infection (SARI) surveillance,Type of SARI surveillance,Sentinel,2024,5,10
South Africa,Virological surveillance,Antiviral susceptibility testing capability,Yes,2024,6,65
South Africa,Virological surveillance,Average number of virological samples processed per week (2024),148,2024,6,32
South Africa,Virological surveillance,Does the country forward samples to a WHO CC?,Yes,2024,6,28
South Africa,Virological surveillance,Does the country have a designated National Influenza reference laboratory?,Yes,2024,6,22
South Africa,Virological surveillance,Does the country have a WHO recognized National Influenza Centre (NIC)?,Yes,2024,6,21
South Africa,Virological surveillance,Does the country have genomic sequencing capacity?,Yes,2024,6,19
South Africa,Virological surveillance,Does the country have RT-PCR capacity?,Yes,2024,6,18
South Africa,Virological surveillance,Does the country test for other respiratory viruses?,Yes,2024,6,20
South Africa,Virological surveillance,Does the laboratory participate in the External Quality Assurance Panel (EQAP)?,Yes,2024,6,23
South Africa,Virological surveillance,RT-PCR,Yes,2024,6,24
South Africa,Virological surveillance,Sequencing capacity,Yes,2024,6,66
South Africa,Virological surveillance,Type of virological surveillance,Sentinel,2024,6,16
South Africa,Virological surveillance,Virus Isolation capacity,Yes,2024,6,25
South Africa,Data reporting & use,Are epidemiological and virological sentinel surveillance datasets integrated?,Yes,2024,8,34
South Africa,Data reporting & use,Does the country report to the FluID?,Yes,2024,8,31
South Africa,Data reporting & use,Does the country report to the FluNet?,Yes,2024,8,33
South Africa,Data reporting & use,Does the country share virus isolate and clinical specimens with WHO CC,Yes,2024,8,30
South Africa,Data reporting & use,Does the country use the PISA tool to assess the severity of seasonal influenza?,Yes,2024,8,35
South Africa,Data reporting & use,FluNet Reporting Consistency (2023-2024),100,2024,8,2659
South Africa,Data reporting & use,Has the country performed a burden of disease analysis?,Yes,2024,8,36
South Africa,Data reporting & use,Reporting consistency (2023-2024),1,2024,8,61
South Africa,Data reporting & use,Was it published? If yes provide link,"https://pmc.ncbi.nlm.nih.gov/articles/PMC6692552/
https://www.sciencedirect.com/science/article/abs/pii/S0264410X20305399",2024,8,39
South Africa,Data reporting & use,What was the estimated burden?,N/A,2024,8,38
South Africa,Data reporting & use,What year was it performed?,N/A,2024,8,37
South Africa,Vaccination,Does the country have a formal seasonal influenza vaccination policy?,Yes,2024,9,40
South Africa,Vaccination,Has seasonal influenza vaccine been introduced in the private sector?,Yes,2024,9,42
South Africa,Vaccination,Has seasonal influenza vaccine been introduced in the public sector? Year introduced;,Yes,2024,9,41
South Africa,Vaccination,What are the recommended risk groups for influenza vaccine?,"HCW
People with chronic conditions
Older adults
Pregnant woman",2024,9,43
South Africa,Vaccination,Which vaccine formulation is used in the country: Northern/Southern hemisphere vaccine?,Southern Hemisphere,2024,9,44
South Africa,Pandemic preparedness and response,All Hazards,No,2024,10,50
South Africa,Pandemic preparedness and response,COVID-19 specific,Yes,2024,10,49
South Africa,Pandemic preparedness and response,Does the country have another pandemic preparedness plan available?,Yes,2024,10,47
South Africa,Pandemic preparedness and response,Does the country have an updated national pandemic vaccine deployment plan for Influenza pandemic vaccine,No,2024,10,53
South Africa,Pandemic preparedness and response,Does the country have a respiratory pathogen pandemic preparedness plan (PRET)?,Yes,2024,10,45
South Africa,Pandemic preparedness and response,Has the country perfomed a influenza simulation exercise(s) for their pandemic preparedness plan?,Yes,2024,10,51
South Africa,Pandemic preparedness and response,Influenza specific,Yes,2024,10,48
South Africa,Pandemic preparedness and response,Year plan Last updated,2024,2024,10,46
South Africa,Pandemic preparedness and response,Year simulation conducted,2024,2024,10,52
South Africa,Integration of Influenza surveillance and SARS-CoV-2,Does the country report SARS-CoV-2 results to the Flu Net?,Yes,2024,11,26
South Africa,Integration of Influenza surveillance and SARS-CoV-2,Has the country integrated influenza and SARS-CoV-2 sentinel surveillance?,Yes,2024,11,54
South Africa,Zoonotic Influenza surveillance,Does the country perform surveillance activities at the human-animal interface?,Yes,2024,12,56
South Africa,Zoonotic Influenza surveillance,Has the country held an IHR (International Health Regulations) Review?,Yes,2024,12,17
South Africa,Zoonotic Influenza surveillance,Has the country performed joint risk assessment?,Yes,2024,12,57
South Africa,Zoonotic Influenza surveillance,"If yes, when",2023,2024,12,58
South Sudan,Population and Economy,Life expectancy,56,2024,1,3
South Sudan,Population and Economy,Population,11483374,2024,1,1
South Sudan,Population and Economy,Total Health Expenditure,5.86,2024,1,2
South Sudan,Mortality per 100 000 population,All cause/all ages,1426.8,2024,2,4
South Sudan,Mortality per 1000 live births,All cause/under 5 years,98.8,2024,3,5
South Sudan,Influenza like Illness (ILI) Surveillance,Is laboratory confirmation sought for ILI sentinel surveillance,Yes,2024,4,8
South Sudan,Influenza like Illness (ILI) Surveillance,Numbers of ILI sentinel surveillance sites,6,2024,4,9
South Sudan,Influenza like Illness (ILI) Surveillance,Surveillance case definition used for ILI case ascertainment.,IDSR 3rd Edition,2024,4,7
South Sudan,Influenza like Illness (ILI) Surveillance,Type of ILI surveillance,Sentinel,2024,4,6
South Sudan,Severe acute respiratory infection (SARI) surveillance,Is laboratory confirmation sought for SARI sentinel surveillance,Yes,2024,5,13
South Sudan,Severe acute respiratory infection (SARI) surveillance,Is there timely all-cause mortality data available in the country?,No,2024,5,15
South Sudan,Severe acute respiratory infection (SARI) surveillance,Number of SARI sentinel surveillance sites,6,2024,5,14
South Sudan,Severe acute respiratory infection (SARI) surveillance,Sentinel sites involved in SARI surveillance.,Hospital,2024,5,11
South Sudan,Severe acute respiratory infection (SARI) surveillance,Surveillance case definition used for SARI case ascertainment.,WHO 2014,2024,5,12
South Sudan,Severe acute respiratory infection (SARI) surveillance,Type of SARI surveillance,Sentinel,2024,5,10
South Sudan,Virological surveillance,Antiviral susceptibility testing capability,No,2024,6,65
South Sudan,Virological surveillance,Average number of virological samples processed per week (2024),51,2024,6,32
South Sudan,Virological surveillance,Does the country forward samples to a WHO CC?,No,2024,6,28
South Sudan,Virological surveillance,Does the country have a designated National Influenza reference laboratory?,Yes,2024,6,22
South Sudan,Virological surveillance,Does the country have a WHO recognized National Influenza Centre (NIC)?,No,2024,6,21
South Sudan,Virological surveillance,Does the country have genomic sequencing capacity?,No,2024,6,19
South Sudan,Virological surveillance,Does the country have RT-PCR capacity?,Yes,2024,6,18
South Sudan,Virological surveillance,Does the country test for other respiratory viruses?,Yes,2024,6,20
South Sudan,Virological surveillance,Does the laboratory participate in the External Quality Assurance Panel (EQAP)?,Yes,2024,6,23
South Sudan,Virological surveillance,RT-PCR,Yes,2024,6,24
South Sudan,Virological surveillance,Sequencing capacity,No,2024,6,66
South Sudan,Virological surveillance,Type of virological surveillance,Sentinel,2024,6,16
South Sudan,Virological surveillance,Virus Isolation capacity,No,2024,6,25
South Sudan,Data reporting & use,Are epidemiological and virological sentinel surveillance datasets integrated?,No,2024,8,34
South Sudan,Data reporting & use,Does the country report to the FluID?,No,2024,8,31
South Sudan,Data reporting & use,Does the country report to the FluNet?,Yes,2024,8,33
South Sudan,Data reporting & use,Does the country share virus isolate and clinical specimens with WHO CC,No,2024,8,30
South Sudan,Data reporting & use,Does the country use the PISA tool to assess the severity of seasonal influenza?,No,2024,8,35
South Sudan,Data reporting & use,FluNet Reporting Consistency (2023-2024),100,2024,8,2659
South Sudan,Data reporting & use,Has the country performed a burden of disease analysis?,No,2024,8,36
South Sudan,Data reporting & use,Reporting consistency (2023-2024),1,2024,8,61
South Sudan,Data reporting & use,Was it published? If yes provide link,No,2024,8,39
South Sudan,Data reporting & use,What was the estimated burden?,No,2024,8,38
South Sudan,Data reporting & use,What year was it performed?,No,2024,8,37
South Sudan,Vaccination,Does the country have a formal seasonal influenza vaccination policy?,No,2024,9,40
South Sudan,Vaccination,Has seasonal influenza vaccine been introduced in the private sector?,No,2024,9,42
South Sudan,Vaccination,Has seasonal influenza vaccine been introduced in the public sector? Year introduced;,No,2024,9,41
South Sudan,Vaccination,What are the recommended risk groups for influenza vaccine?,N/a,2024,9,43
South Sudan,Vaccination,Which vaccine formulation is used in the country: Northern/Southern hemisphere vaccine?,N/a,2024,9,44
South Sudan,Pandemic preparedness and response,All Hazards,No response,2024,10,50
South Sudan,Pandemic preparedness and response,COVID-19 specific,No response,2024,10,49
South Sudan,Pandemic preparedness and response,Does the country have another pandemic preparedness plan available?,No response,2024,10,47
South Sudan,Pandemic preparedness and response,Does the country have an updated national pandemic vaccine deployment plan for Influenza pandemic vaccine,No,2024,10,53
South Sudan,Pandemic preparedness and response,Does the country have a respiratory pathogen pandemic preparedness plan (PRET)?,Yes,2024,10,45
South Sudan,Pandemic preparedness and response,Has the country perfomed a influenza simulation exercise(s) for their pandemic preparedness plan?,No,2024,10,51
South Sudan,Pandemic preparedness and response,Influenza specific,No response,2024,10,48
South Sudan,Pandemic preparedness and response,Year plan Last updated,2024,2024,10,46
South Sudan,Pandemic preparedness and response,Year simulation conducted,No,2024,10,52
South Sudan,Integration of Influenza surveillance and SARS-CoV-2,Does the country report SARS-CoV-2 results to the Flu Net?,Yes,2024,11,26
South Sudan,Integration of Influenza surveillance and SARS-CoV-2,Has the country integrated influenza and SARS-CoV-2 sentinel surveillance?,Yes,2024,11,54
South Sudan,Zoonotic Influenza surveillance,Does the country perform surveillance activities at the human-animal interface?,No,2024,12,56
South Sudan,Zoonotic Influenza surveillance,Has the country held an IHR (International Health Regulations) Review?,No,2024,12,17
South Sudan,Zoonotic Influenza surveillance,Has the country performed joint risk assessment?,Yes,2024,12,57
South Sudan,Zoonotic Influenza surveillance,"If yes, when",2021,2024,12,58
Togo,Population and Economy,Life expectancy,62,2024,1,3
Togo,Population and Economy,Population,9304337,2024,1,1
Togo,Population and Economy,Total Health Expenditure,5.56,2024,1,2
Togo,Mortality per 100 000 population,All cause/all ages,1182,2024,2,4
Togo,Mortality per 1000 live births,All cause/under 5 years,60.4,2024,3,5
Togo,Influenza like Illness (ILI) Surveillance,Is laboratory confirmation sought for ILI sentinel surveillance,Yes,2024,4,8
Togo,Influenza like Illness (ILI) Surveillance,Numbers of ILI sentinel surveillance sites,3,2024,4,9
Togo,Influenza like Illness (ILI) Surveillance,Surveillance case definition used for ILI case ascertainment.,IDSR 3rd Edition,2024,4,7
Togo,Influenza like Illness (ILI) Surveillance,Type of ILI surveillance,Sentinel,2024,4,6
Togo,Severe acute respiratory infection (SARI) surveillance,Is laboratory confirmation sought for SARI sentinel surveillance,Yes,2024,5,13
Togo,Severe acute respiratory infection (SARI) surveillance,Is there timely all-cause mortality data available in the country?,No response,2024,5,15
Togo,Severe acute respiratory infection (SARI) surveillance,Number of SARI sentinel surveillance sites,5,2024,5,14
Togo,Severe acute respiratory infection (SARI) surveillance,Sentinel sites involved in SARI surveillance.,Hospital,2024,5,11
Togo,Severe acute respiratory infection (SARI) surveillance,Surveillance case definition used for SARI case ascertainment.,IDSR 3rd Edition,2024,5,12
Togo,Severe acute respiratory infection (SARI) surveillance,Type of SARI surveillance,Sentinel,2024,5,10
Togo,Virological surveillance,Antiviral susceptibility testing capability,No,2024,6,65
Togo,Virological surveillance,Average number of virological samples processed per week (2024),33,2024,6,32
Togo,Virological surveillance,Does the country forward samples to a WHO CC?,Yes,2024,6,28
Togo,Virological surveillance,Does the country have a designated National Influenza reference laboratory?,Yes,2024,6,22
Togo,Virological surveillance,Does the country have a WHO recognized National Influenza Centre (NIC)?,Yes,2024,6,21
Togo,Virological surveillance,Does the country have genomic sequencing capacity?,Yes,2024,6,19
Togo,Virological surveillance,Does the country have RT-PCR capacity?,Yes,2024,6,18
Togo,Virological surveillance,Does the country test for other respiratory viruses?,Yes,2024,6,20
Togo,Virological surveillance,Does the laboratory participate in the External Quality Assurance Panel (EQAP)?,Yes,2024,6,23
Togo,Virological surveillance,RT-PCR,Yes,2024,6,24
Togo,Virological surveillance,Sequencing capacity,Yes,2024,6,66
Togo,Virological surveillance,Type of virological surveillance,Sentinel,2024,6,16
Togo,Virological surveillance,Virus Isolation capacity,No,2024,6,25
Togo,Data reporting & use,Are epidemiological and virological sentinel surveillance datasets integrated?,Yes,2024,8,34
Togo,Data reporting & use,Does the country report to the FluID?,Yes,2024,8,31
Togo,Data reporting & use,Does the country report to the FluNet?,Yes,2024,8,33
Togo,Data reporting & use,Does the country share virus isolate and clinical specimens with WHO CC,Yes,2024,8,30
Togo,Data reporting & use,Does the country use the PISA tool to assess the severity of seasonal influenza?,No,2024,8,35
Togo,Data reporting & use,FluNet Reporting Consistency (2023-2024),100,2024,8,2659
Togo,Data reporting & use,Has the country performed a burden of disease analysis?,In progress,2024,8,36
Togo,Data reporting & use,Reporting consistency (2023-2024),1,2024,8,61
Togo,Data reporting & use,Was it published? If yes provide link,N/A,2024,8,39
Togo,Data reporting & use,What was the estimated burden?,N/A,2024,8,38
Togo,Data reporting & use,What year was it performed?,No,2024,8,37
Togo,Vaccination,Does the country have a formal seasonal influenza vaccination policy?,No,2024,9,40
Togo,Vaccination,Has seasonal influenza vaccine been introduced in the private sector?,Yes,2024,9,42
Togo,Vaccination,Has seasonal influenza vaccine been introduced in the public sector? Year introduced;,No,2024,9,41
Togo,Vaccination,What are the recommended risk groups for influenza vaccine?,No response,2024,9,43
Togo,Vaccination,Which vaccine formulation is used in the country: Northern/Southern hemisphere vaccine?,No response,2024,9,44
Togo,Pandemic preparedness and response,All Hazards,Yes,2024,10,50
Togo,Pandemic preparedness and response,COVID-19 specific,Yes,2024,10,49
Togo,Pandemic preparedness and response,Does the country have another pandemic preparedness plan available?,Yes,2024,10,47
Togo,Pandemic preparedness and response,Does the country have an updated national pandemic vaccine deployment plan for Influenza pandemic vaccine,No,2024,10,53
Togo,Pandemic preparedness and response,Does the country have a respiratory pathogen pandemic preparedness plan (PRET)?,Yes,2024,10,45
Togo,Pandemic preparedness and response,Has the country perfomed a influenza simulation exercise(s) for their pandemic preparedness plan?,No,2024,10,51
Togo,Pandemic preparedness and response,Influenza specific,No,2024,10,48
Togo,Pandemic preparedness and response,Year plan Last updated,2023,2024,10,46
Togo,Pandemic preparedness and response,Year simulation conducted,No,2024,10,52
Togo,Integration of Influenza surveillance and SARS-CoV-2,Does the country report SARS-CoV-2 results to the Flu Net?,Yes,2024,11,26
Togo,Integration of Influenza surveillance and SARS-CoV-2,Has the country integrated influenza and SARS-CoV-2 sentinel surveillance?,Yes,2024,11,54
Togo,Zoonotic Influenza surveillance,Does the country perform surveillance activities at the human-animal interface?,Yes,2024,12,56
Togo,Zoonotic Influenza surveillance,Has the country held an IHR (International Health Regulations) Review?,Yes,2024,12,17
Togo,Zoonotic Influenza surveillance,Has the country performed joint risk assessment?,No,2024,12,57
Togo,Zoonotic Influenza surveillance,"If yes, when",N/A,2024,12,58
Uganda,Population and Economy,Life expectancy,64,2024,1,3
Uganda,Population and Economy,Population,48656601,2024,1,1
Uganda,Population and Economy,Total Health Expenditure,4.67,2024,1,2
Uganda,Mortality per 100 000 population,All cause/all ages,1058.2,2024,2,4
Uganda,Mortality per 1000 live births,All cause/under 5 years,40.5,2024,3,5
Uganda,Influenza like Illness (ILI) Surveillance,Is laboratory confirmation sought for ILI sentinel surveillance,Yes,2024,4,8
Uganda,Influenza like Illness (ILI) Surveillance,Numbers of ILI sentinel surveillance sites,11,2024,4,9
Uganda,Influenza like Illness (ILI) Surveillance,Surveillance case definition used for ILI case ascertainment.,IDSR 3rd Edition,2024,4,7
Uganda,Influenza like Illness (ILI) Surveillance,Type of ILI surveillance,Sentinel,2024,4,6
Uganda,Severe acute respiratory infection (SARI) surveillance,Is laboratory confirmation sought for SARI sentinel surveillance,Yes,2024,5,13
Uganda,Severe acute respiratory infection (SARI) surveillance,Is there timely all-cause mortality data available in the country?,Yes,2024,5,15
Uganda,Severe acute respiratory infection (SARI) surveillance,Number of SARI sentinel surveillance sites,11,2024,5,14
Uganda,Severe acute respiratory infection (SARI) surveillance,Sentinel sites involved in SARI surveillance.,Hospital,2024,5,11
Uganda,Severe acute respiratory infection (SARI) surveillance,Surveillance case definition used for SARI case ascertainment.,IDSR 3rd Edition,2024,5,12
Uganda,Severe acute respiratory infection (SARI) surveillance,Type of SARI surveillance,Sentinel,2024,5,10
Uganda,Virological surveillance,Antiviral susceptibility testing capability,No,2024,6,65
Uganda,Virological surveillance,Average number of virological samples processed per week (2024),55,2024,6,32
Uganda,Virological surveillance,Does the country forward samples to a WHO CC?,Yes,2024,6,28
Uganda,Virological surveillance,Does the country have a designated National Influenza reference laboratory?,Yes,2024,6,22
Uganda,Virological surveillance,Does the country have a WHO recognized National Influenza Centre (NIC)?,Yes,2024,6,21
Uganda,Virological surveillance,Does the country have genomic sequencing capacity?,Yes,2024,6,19
Uganda,Virological surveillance,Does the country have RT-PCR capacity?,Yes,2024,6,18
Uganda,Virological surveillance,Does the country test for other respiratory viruses?,Yes,2024,6,20
Uganda,Virological surveillance,Does the laboratory participate in the External Quality Assurance Panel (EQAP)?,Yes,2024,6,23
Uganda,Virological surveillance,RT-PCR,Yes,2024,6,24
Uganda,Virological surveillance,Sequencing capacity,Yes,2024,6,66
Uganda,Virological surveillance,Type of virological surveillance,Sentinel,2024,6,16
Uganda,Virological surveillance,Virus Isolation capacity,Yes,2024,6,25
Uganda,Data reporting & use,Are epidemiological and virological sentinel surveillance datasets integrated?,Yes,2024,8,34
Uganda,Data reporting & use,Does the country report to the FluID?,No,2024,8,31
Uganda,Data reporting & use,Does the country report to the FluNet?,No,2024,8,33
Uganda,Data reporting & use,Does the country share virus isolate and clinical specimens with WHO CC,Yes,2024,8,30
Uganda,Data reporting & use,Does the country use the PISA tool to assess the severity of seasonal influenza?,No,2024,8,35
Uganda,Data reporting & use,FluNet Reporting Consistency (2023-2024),100,2024,8,2659
Uganda,Data reporting & use,Has the country performed a burden of disease analysis?,Yes,2024,8,36
Uganda,Data reporting & use,Reporting consistency (2023-2024),1,2024,8,61
Uganda,Data reporting & use,Was it published? If yes provide link,https://pubmed.ncbi.nlm.nih.gov/31306466/,2024,8,39
Uganda,Data reporting & use,What was the estimated burden?,N/A,2024,8,38
Uganda,Data reporting & use,What year was it performed?,2019,2024,8,37
Uganda,Vaccination,Does the country have a formal seasonal influenza vaccination policy?,No,2024,9,40
Uganda,Vaccination,Has seasonal influenza vaccine been introduced in the private sector?,No,2024,9,42
Uganda,Vaccination,Has seasonal influenza vaccine been introduced in the public sector? Year introduced;,No,2024,9,41
Uganda,Vaccination,What are the recommended risk groups for influenza vaccine?,No,2024,9,43
Uganda,Vaccination,Which vaccine formulation is used in the country: Northern/Southern hemisphere vaccine?,No,2024,9,44
Uganda,Pandemic preparedness and response,All Hazards,Yes,2024,10,50
Uganda,Pandemic preparedness and response,COVID-19 specific,Yes,2024,10,49
Uganda,Pandemic preparedness and response,Does the country have another pandemic preparedness plan available?,Yes,2024,10,47
Uganda,Pandemic preparedness and response,Does the country have an updated national pandemic vaccine deployment plan for Influenza pandemic vaccine,No,2024,10,53
Uganda,Pandemic preparedness and response,Does the country have a respiratory pathogen pandemic preparedness plan (PRET)?,No,2024,10,45
Uganda,Pandemic preparedness and response,Has the country perfomed a influenza simulation exercise(s) for their pandemic preparedness plan?,No,2024,10,51
Uganda,Pandemic preparedness and response,Influenza specific,Yes 2019,2024,10,48
Uganda,Pandemic preparedness and response,Year plan Last updated,N/A,2024,10,46
Uganda,Pandemic preparedness and response,Year simulation conducted,No,2024,10,52
Uganda,Integration of Influenza surveillance and SARS-CoV-2,Does the country report SARS-CoV-2 results to the Flu Net?,Yes,2024,11,26
Uganda,Integration of Influenza surveillance and SARS-CoV-2,Has the country integrated influenza and SARS-CoV-2 sentinel surveillance?,Yes,2024,11,54
Uganda,Zoonotic Influenza surveillance,Does the country perform surveillance activities at the human-animal interface?,Yes,2024,12,56
Uganda,Zoonotic Influenza surveillance,Has the country held an IHR (International Health Regulations) Review?,Yes,2024,12,17
Uganda,Zoonotic Influenza surveillance,Has the country performed joint risk assessment?,Yes,2024,12,57
Uganda,Zoonotic Influenza surveillance,"If yes, when",2017,2024,12,58
United Republic of Tanzania,Population and Economy,Life expectancy,67,2024,1,3
United Republic of Tanzania,Population and Economy,Population,66617606,2024,1,1
United Republic of Tanzania,Population and Economy,Total Health Expenditure,3.36,2024,1,2
United Republic of Tanzania,Mortality per 100 000 population,All cause/all ages,1000.5,2024,2,4
United Republic of Tanzania,Mortality per 1000 live births,All cause/under 5 years,40.5,2024,3,5
United Republic of Tanzania,Influenza like Illness (ILI) Surveillance,Is laboratory confirmation sought for ILI sentinel surveillance,Yes,2024,4,8
United Republic of Tanzania,Influenza like Illness (ILI) Surveillance,Numbers of ILI sentinel surveillance sites,27,2024,4,9
United Republic of Tanzania,Influenza like Illness (ILI) Surveillance,Surveillance case definition used for ILI case ascertainment.,WHO 2014,2024,4,7
United Republic of Tanzania,Influenza like Illness (ILI) Surveillance,Type of ILI surveillance,Sentinel,2024,4,6
United Republic of Tanzania,Severe acute respiratory infection (SARI) surveillance,Is laboratory confirmation sought for SARI sentinel surveillance,Yes,2024,5,13
United Republic of Tanzania,Severe acute respiratory infection (SARI) surveillance,Is there timely all-cause mortality data available in the country?,Yes,2024,5,15
United Republic of Tanzania,Severe acute respiratory infection (SARI) surveillance,Number of SARI sentinel surveillance sites,24,2024,5,14
United Republic of Tanzania,Severe acute respiratory infection (SARI) surveillance,Sentinel sites involved in SARI surveillance.,Hospital,2024,5,11
United Republic of Tanzania,Severe acute respiratory infection (SARI) surveillance,Surveillance case definition used for SARI case ascertainment.,WHO 2014,2024,5,12
United Republic of Tanzania,Severe acute respiratory infection (SARI) surveillance,Type of SARI surveillance,Sentinel,2024,5,10
United Republic of Tanzania,Virological surveillance,Antiviral susceptibility testing capability,No,2024,6,65
United Republic of Tanzania,Virological surveillance,Average number of virological samples processed per week (2024),100,2024,6,32
United Republic of Tanzania,Virological surveillance,Does the country forward samples to a WHO CC?,Yes,2024,6,28
United Republic of Tanzania,Virological surveillance,Does the country have a designated National Influenza reference laboratory?,Yes,2024,6,22
United Republic of Tanzania,Virological surveillance,Does the country have a WHO recognized National Influenza Centre (NIC)?,Yes,2024,6,21
United Republic of Tanzania,Virological surveillance,Does the country have genomic sequencing capacity?,Yes,2024,6,19
United Republic of Tanzania,Virological surveillance,Does the country have RT-PCR capacity?,Yes,2024,6,18
United Republic of Tanzania,Virological surveillance,Does the country test for other respiratory viruses?,Yes,2024,6,20
United Republic of Tanzania,Virological surveillance,Does the laboratory participate in the External Quality Assurance Panel (EQAP)?,Yes,2024,6,23
United Republic of Tanzania,Virological surveillance,RT-PCR,Yes,2024,6,24
United Republic of Tanzania,Virological surveillance,Sequencing capacity,Yes,2024,6,66
United Republic of Tanzania,Virological surveillance,Type of virological surveillance,Sentinel,2024,6,16
United Republic of Tanzania,Virological surveillance,Virus Isolation capacity,No,2024,6,25
United Republic of Tanzania,Data reporting & use,Are epidemiological and virological sentinel surveillance datasets integrated?,Yes,2024,8,34
United Republic of Tanzania,Data reporting & use,Does the country report to the FluID?,No,2024,8,31
United Republic of Tanzania,Data reporting & use,Does the country report to the FluNet?,Yes,2024,8,33
United Republic of Tanzania,Data reporting & use,Does the country share virus isolate and clinical specimens with WHO CC,Yes,2024,8,30
United Republic of Tanzania,Data reporting & use,Does the country use the PISA tool to assess the severity of seasonal influenza?,No,2024,8,35
United Republic of Tanzania,Data reporting & use,FluNet Reporting Consistency (2023-2024),100,2024,8,2659
United Republic of Tanzania,Data reporting & use,Has the country performed a burden of disease analysis?,No,2024,8,36
United Republic of Tanzania,Data reporting & use,Reporting consistency (2023-2024),1,2024,8,61
United Republic of Tanzania,Data reporting & use,Was it published? If yes provide link,N/A,2024,8,39
United Republic of Tanzania,Data reporting & use,What was the estimated burden?,N/A,2024,8,38
United Republic of Tanzania,Data reporting & use,What year was it performed?,N/A,2024,8,37
United Republic of Tanzania,Vaccination,Does the country have a formal seasonal influenza vaccination policy?,No,2024,9,40
United Republic of Tanzania,Vaccination,Has seasonal influenza vaccine been introduced in the private sector?,No response,2024,9,42
United Republic of Tanzania,Vaccination,Has seasonal influenza vaccine been introduced in the public sector? Year introduced;,No response,2024,9,41
United Republic of Tanzania,Vaccination,What are the recommended risk groups for influenza vaccine?,No response,2024,9,43
United Republic of Tanzania,Vaccination,Which vaccine formulation is used in the country: Northern/Southern hemisphere vaccine?,No response,2024,9,44
United Republic of Tanzania,Pandemic preparedness and response,All Hazards,Yes 2024,2024,10,50
United Republic of Tanzania,Pandemic preparedness and response,COVID-19 specific,No,2024,10,49
United Republic of Tanzania,Pandemic preparedness and response,Does the country have another pandemic preparedness plan available?,Yes,2024,10,47
United Republic of Tanzania,Pandemic preparedness and response,Does the country have an updated national pandemic vaccine deployment plan for Influenza pandemic vaccine,No,2024,10,53
United Republic of Tanzania,Pandemic preparedness and response,Does the country have a respiratory pathogen pandemic preparedness plan (PRET)?,No,2024,10,45
United Republic of Tanzania,Pandemic preparedness and response,Has the country perfomed a influenza simulation exercise(s) for their pandemic preparedness plan?,No,2024,10,51
United Republic of Tanzania,Pandemic preparedness and response,Influenza specific,Yes 2020,2024,10,48
United Republic of Tanzania,Pandemic preparedness and response,Year plan Last updated,N/A,2024,10,46
United Republic of Tanzania,Pandemic preparedness and response,Year simulation conducted,No,2024,10,52
United Republic of Tanzania,Integration of Influenza surveillance and SARS-CoV-2,Does the country report SARS-CoV-2 results to the Flu Net?,Yes,2024,11,26
United Republic of Tanzania,Integration of Influenza surveillance and SARS-CoV-2,Has the country integrated influenza and SARS-CoV-2 sentinel surveillance?,Yes,2024,11,54
United Republic of Tanzania,Zoonotic Influenza surveillance,Does the country perform surveillance activities at the human-animal interface?,Yes,2024,12,56
United Republic of Tanzania,Zoonotic Influenza surveillance,Has the country held an IHR (International Health Regulations) Review?,Yes,2024,12,17
United Republic of Tanzania,Zoonotic Influenza surveillance,Has the country performed joint risk assessment?,Yes,2024,12,57
United Republic of Tanzania,Zoonotic Influenza surveillance,"If yes, when",2020,2024,12,58
Zambia,Population and Economy,Life expectancy,62,2024,1,3
Zambia,Population and Economy,Population,20723965,2024,1,1
Zambia,Population and Economy,Total Health Expenditure,6.62,2024,1,2
Zambia,Mortality per 100 000 population,All cause/all ages,1432.8,2024,2,4
Zambia,Mortality per 1000 live births,All cause/under 5 years,55.6,2024,3,5
Zambia,Influenza like Illness (ILI) Surveillance,Is laboratory confirmation sought for ILI sentinel surveillance,Yes,2024,4,8
Zambia,Influenza like Illness (ILI) Surveillance,Numbers of ILI sentinel surveillance sites,6,2024,4,9
Zambia,Influenza like Illness (ILI) Surveillance,Surveillance case definition used for ILI case ascertainment.,WHO 2014,2024,4,7
Zambia,Influenza like Illness (ILI) Surveillance,Type of ILI surveillance,Sentinel,2024,4,6
Zambia,Severe acute respiratory infection (SARI) surveillance,Is laboratory confirmation sought for SARI sentinel surveillance,Yes,2024,5,13
Zambia,Severe acute respiratory infection (SARI) surveillance,Is there timely all-cause mortality data available in the country?,Yes,2024,5,15
Zambia,Severe acute respiratory infection (SARI) surveillance,Number of SARI sentinel surveillance sites,8,2024,5,14
Zambia,Severe acute respiratory infection (SARI) surveillance,Sentinel sites involved in SARI surveillance.,Hospital,2024,5,11
Zambia,Severe acute respiratory infection (SARI) surveillance,Surveillance case definition used for SARI case ascertainment.,WHO 2014,2024,5,12
Zambia,Severe acute respiratory infection (SARI) surveillance,Type of SARI surveillance,Sentinel,2024,5,10
Zambia,Virological surveillance,Antiviral susceptibility testing capability,No,2024,6,65
Zambia,Virological surveillance,Average number of virological samples processed per week (2024),101,2024,6,32
Zambia,Virological surveillance,Does the country forward samples to a WHO CC?,Yes,2024,6,28
Zambia,Virological surveillance,Does the country have a designated National Influenza reference laboratory?,Yes,2024,6,22
Zambia,Virological surveillance,Does the country have a WHO recognized National Influenza Centre (NIC)?,Yes,2024,6,21
Zambia,Virological surveillance,Does the country have genomic sequencing capacity?,Yes,2024,6,19
Zambia,Virological surveillance,Does the country have RT-PCR capacity?,Yes,2024,6,18
Zambia,Virological surveillance,Does the country test for other respiratory viruses?,Yes,2024,6,20
Zambia,Virological surveillance,Does the laboratory participate in the External Quality Assurance Panel (EQAP)?,Yes,2024,6,23
Zambia,Virological surveillance,RT-PCR,Yes,2024,6,24
Zambia,Virological surveillance,Sequencing capacity,Yes,2024,6,66
Zambia,Virological surveillance,Type of virological surveillance,Sentinel,2024,6,16
Zambia,Virological surveillance,Virus Isolation capacity,Yes,2024,6,25
Zambia,Data reporting & use,Are epidemiological and virological sentinel surveillance datasets integrated?,Yes,2024,8,34
Zambia,Data reporting & use,Does the country report to the FluID?,Yes,2024,8,31
Zambia,Data reporting & use,Does the country report to the FluNet?,Yes,2024,8,33
Zambia,Data reporting & use,Does the country share virus isolate and clinical specimens with WHO CC,Yes,2024,8,30
Zambia,Data reporting & use,Does the country use the PISA tool to assess the severity of seasonal influenza?,Yes,2024,8,35
Zambia,Data reporting & use,FluNet Reporting Consistency (2023-2024),100,2024,8,2659
Zambia,Data reporting & use,Has the country performed a burden of disease analysis?,Yes,2024,8,36
Zambia,Data reporting & use,Reporting consistency (2023-2024),1,2024,8,61
Zambia,Data reporting & use,Was it published? If yes provide link,https://pmc.ncbi.nlm.nih.gov/articles/PMC5818337/,2024,8,39
Zambia,Data reporting & use,What was the estimated burden?,N/A,2024,8,38
Zambia,Data reporting & use,What year was it performed?,filled response,2024,8,37
Zambia,Vaccination,Does the country have a formal seasonal influenza vaccination policy?,No,2024,9,40
Zambia,Vaccination,Has seasonal influenza vaccine been introduced in the private sector?,No response,2024,9,42
Zambia,Vaccination,Has seasonal influenza vaccine been introduced in the public sector? Year introduced;,No,2024,9,41
Zambia,Vaccination,What are the recommended risk groups for influenza vaccine?,No response,2024,9,43
Zambia,Vaccination,Which vaccine formulation is used in the country: Northern/Southern hemisphere vaccine?,No,2024,9,44
Zambia,Pandemic preparedness and response,All Hazards,Yes,2024,10,50
Zambia,Pandemic preparedness and response,COVID-19 specific,No response,2024,10,49
Zambia,Pandemic preparedness and response,Does the country have another pandemic preparedness plan available?,Yes,2024,10,47
Zambia,Pandemic preparedness and response,Does the country have an updated national pandemic vaccine deployment plan for Influenza pandemic vaccine,No,2024,10,53
Zambia,Pandemic preparedness and response,Does the country have a respiratory pathogen pandemic preparedness plan (PRET)?,In progress,2024,10,45
Zambia,Pandemic preparedness and response,Has the country perfomed a influenza simulation exercise(s) for their pandemic preparedness plan?,No,2024,10,51
Zambia,Pandemic preparedness and response,Influenza specific,No,2024,10,48
Zambia,Pandemic preparedness and response,Year plan Last updated,Draft (2024),2024,10,46
Zambia,Pandemic preparedness and response,Year simulation conducted,No,2024,10,52
Zambia,Integration of Influenza surveillance and SARS-CoV-2,Does the country report SARS-CoV-2 results to the Flu Net?,Yes,2024,11,26
Zambia,Integration of Influenza surveillance and SARS-CoV-2,Has the country integrated influenza and SARS-CoV-2 sentinel surveillance?,Yes,2024,11,54
Zambia,Zoonotic Influenza surveillance,Does the country perform surveillance activities at the human-animal interface?,Yes,2024,12,56
Zambia,Zoonotic Influenza surveillance,Has the country held an IHR (International Health Regulations) Review?,Yes,2024,12,17
Zambia,Zoonotic Influenza surveillance,Has the country performed joint risk assessment?,No,2024,12,57
Zambia,Zoonotic Influenza surveillance,"If yes, when",2022,2024,12,58
Zimbabwe,Population and Economy,Life expectancy,59,2024,1,3
Zimbabwe,Population and Economy,Population,16340822,2024,1,1
Zimbabwe,Population and Economy,Total Health Expenditure,2.79,2024,1,2
Zimbabwe,Mortality per 100 000 population,All cause/all ages,1687,2024,2,4
Zimbabwe,Mortality per 1000 live births,All cause/under 5 years,47.7,2024,3,5
Zimbabwe,Influenza like Illness (ILI) Surveillance,Is laboratory confirmation sought for ILI sentinel surveillance,Yes,2024,4,8
Zimbabwe,Influenza like Illness (ILI) Surveillance,Numbers of ILI sentinel surveillance sites,6,2024,4,9
Zimbabwe,Influenza like Illness (ILI) Surveillance,Surveillance case definition used for ILI case ascertainment.,IDSR 3rd Edition,2024,4,7
Zimbabwe,Influenza like Illness (ILI) Surveillance,Type of ILI surveillance,Sentinel &IDSR,2024,4,6
Zimbabwe,Severe acute respiratory infection (SARI) surveillance,Is laboratory confirmation sought for SARI sentinel surveillance,No,2024,5,13
Zimbabwe,Severe acute respiratory infection (SARI) surveillance,Is there timely all-cause mortality data available in the country?,Yes,2024,5,15
Zimbabwe,Severe acute respiratory infection (SARI) surveillance,Number of SARI sentinel surveillance sites,0,2024,5,14
Zimbabwe,Severe acute respiratory infection (SARI) surveillance,Sentinel sites involved in SARI surveillance.,Hospital,2024,5,11
Zimbabwe,Severe acute respiratory infection (SARI) surveillance,Surveillance case definition used for SARI case ascertainment.,IDSR 3rd Edition,2024,5,12
Zimbabwe,Severe acute respiratory infection (SARI) surveillance,Type of SARI surveillance,IDSR,2024,5,10
Zimbabwe,Virological surveillance,Antiviral susceptibility testing capability,No,2024,6,65
Zimbabwe,Virological surveillance,Average number of virological samples processed per week (2024),18,2024,6,32
Zimbabwe,Virological surveillance,Does the country forward samples to a WHO CC?,No,2024,6,28
Zimbabwe,Virological surveillance,Does the country have a designated National Influenza reference laboratory?,Yes,2024,6,22
Zimbabwe,Virological surveillance,Does the country have a WHO recognized National Influenza Centre (NIC)?,No,2024,6,21
Zimbabwe,Virological surveillance,Does the country have genomic sequencing capacity?,Yes,2024,6,19
Zimbabwe,Virological surveillance,Does the country have RT-PCR capacity?,Yes,2024,6,18
Zimbabwe,Virological surveillance,Does the country test for other respiratory viruses?,Yes,2024,6,20
Zimbabwe,Virological surveillance,Does the laboratory participate in the External Quality Assurance Panel (EQAP)?,Yes,2024,6,23
Zimbabwe,Virological surveillance,RT-PCR,Yes,2024,6,24
Zimbabwe,Virological surveillance,Sequencing capacity,No,2024,6,66
Zimbabwe,Virological surveillance,Type of virological surveillance,Sentinel &IDSR,2024,6,16
Zimbabwe,Virological surveillance,Virus Isolation capacity,No,2024,6,25
Zimbabwe,Data reporting & use,Are epidemiological and virological sentinel surveillance datasets integrated?,No,2024,8,34
Zimbabwe,Data reporting & use,Does the country report to the FluID?,No,2024,8,31
Zimbabwe,Data reporting & use,Does the country report to the FluNet?,Yes,2024,8,33
Zimbabwe,Data reporting & use,Does the country share virus isolate and clinical specimens with WHO CC,Yes,2024,8,30
Zimbabwe,Data reporting & use,Does the country use the PISA tool to assess the severity of seasonal influenza?,No,2024,8,35
Zimbabwe,Data reporting & use,FluNet Reporting Consistency (2023-2024),69,2024,8,2659
Zimbabwe,Data reporting & use,Has the country performed a burden of disease analysis?,No,2024,8,36
Zimbabwe,Data reporting & use,Reporting consistency (2023-2024),0.69,2024,8,61
Zimbabwe,Data reporting & use,Was it published? If yes provide link,No,2024,8,39
Zimbabwe,Data reporting & use,What was the estimated burden?,No,2024,8,38
Zimbabwe,Data reporting & use,What year was it performed?,No,2024,8,37
Zimbabwe,Vaccination,Does the country have a formal seasonal influenza vaccination policy?,No,2024,9,40
Zimbabwe,Vaccination,Has seasonal influenza vaccine been introduced in the private sector?,No response,2024,9,42
Zimbabwe,Vaccination,Has seasonal influenza vaccine been introduced in the public sector? Year introduced;,No,2024,9,41
Zimbabwe,Vaccination,What are the recommended risk groups for influenza vaccine?,No response,2024,9,43
Zimbabwe,Vaccination,Which vaccine formulation is used in the country: Northern/Southern hemisphere vaccine?,No,2024,9,44
Zimbabwe,Pandemic preparedness and response,All Hazards,Yes,2024,10,50
Zimbabwe,Pandemic preparedness and response,COVID-19 specific,Yes,2024,10,49
Zimbabwe,Pandemic preparedness and response,Does the country have another pandemic preparedness plan available?,Yes,2024,10,47
Zimbabwe,Pandemic preparedness and response,Does the country have an updated national pandemic vaccine deployment plan for Influenza pandemic vaccine,No,2024,10,53
Zimbabwe,Pandemic preparedness and response,Does the country have a respiratory pathogen pandemic preparedness plan (PRET)?,In progress,2024,10,45
Zimbabwe,Pandemic preparedness and response,Has the country perfomed a influenza simulation exercise(s) for their pandemic preparedness plan?,No,2024,10,51
Zimbabwe,Pandemic preparedness and response,Influenza specific,No,2024,10,48
Zimbabwe,Pandemic preparedness and response,Year plan Last updated,Draft 2023,2024,10,46
Zimbabwe,Pandemic preparedness and response,Year simulation conducted,N/a,2024,10,52
Zimbabwe,Integration of Influenza surveillance and SARS-CoV-2,Does the country report SARS-CoV-2 results to the Flu Net?,Yes,2024,11,26
Zimbabwe,Integration of Influenza surveillance and SARS-CoV-2,Has the country integrated influenza and SARS-CoV-2 sentinel surveillance?,Yes,2024,11,54
Zimbabwe,Zoonotic Influenza surveillance,Does the country perform surveillance activities at the human-animal interface?,Yes,2024,12,56
Zimbabwe,Zoonotic Influenza surveillance,Has the country held an IHR (International Health Regulations) Review?,No,2024,12,17
Zimbabwe,Zoonotic Influenza surveillance,Has the country performed joint risk assessment?,No,2024,12,57
Zimbabwe,Zoonotic Influenza surveillance,"If yes, when",N/A,2024,12,58
